{
  "config": {
    "run_name": "exp1_4",
    "out_dir": "./results",
    "seed": 41031856,
    "device": null,
    "bs_train": 256,
    "bs_test": 256,
    "batches": 100,
    "epochs": 100,
    "early_stopping": 5,
    "checkpoints": null,
    "lr": 0.0005,
    "reg": 0.007,
    "filters_per_layer": [
      64,
      128,
      256
    ],
    "pool_every": 6,
    "hidden_dims": [
      1024,
      1024
    ],
    "model_type": "resnet",
    "kw": {},
    "layers_per_block": 4
  },
  "results": {
    "num_epochs": 100,
    "train_loss": [
      2.004969962835312,
      1.7542684161663056,
      1.589838329553604,
      1.5352238392829896,
      1.4775718891620635,
      1.4327076017856597,
      1.4091621148586273,
      1.3942129027843475,
      1.3640120542049408,
      1.3442721998691558,
      1.3225753796100617,
      1.3152590906620025,
      1.2883399081230165,
      1.2748942625522615,
      1.2672121691703797,
      1.2402282059192657,
      1.2342879986763,
      1.2216473531723022,
      1.2057380759716034,
      1.2011225938796997,
      1.1899953746795655,
      1.1851545387506486,
      1.162098982334137,
      1.1592836856842041,
      1.142852583527565,
      1.1429824918508529,
      1.1077674746513366,
      1.118139886856079,
      1.1129987752437591,
      1.1028705126047134,
      1.0892316818237304,
      1.0837431079149247,
      1.0746632039546966,
      1.0619834434986115,
      1.0712855976819993,
      1.0483722162246705,
      1.03732794880867,
      1.0492905187606811,
      1.0229214090108871,
      1.0117013400793076,
      1.0019438934326172,
      1.0136004489660264,
      0.9927867358922958,
      0.9854285663366318,
      0.9860583406686783,
      0.974602552652359,
      0.9657023459672928,
      0.9648813325166702,
      0.9550471776723861,
      0.9436350679397583,
      0.936023041009903,
      0.9387638705968857,
      0.9363704180717468,
      0.9278296011686326,
      0.9166275644302369,
      0.909731348156929,
      0.9230026274919509,
      0.9025338381528855,
      0.8931720393896103,
      0.8939431250095368,
      0.8921180242300033,
      0.8858128213882446,
      0.8820724493265152,
      0.8763568198680878,
      0.8777833253145217,
      0.8727095586061477,
      0.8773777705430984,
      0.8604734468460083,
      0.8617827504873276,
      0.8492129784822464,
      0.8540655159950257,
      0.8396265691518784,
      0.8464416164159775,
      0.8298349142074585,
      0.8372984123229981,
      0.8388658803701401,
      0.8330928975343704,
      0.8151965248584747,
      0.8226121401786805,
      0.8057654947042465,
      0.807581004500389,
      0.7907000851631164,
      0.7960629439353943,
      0.7943726259469986,
      0.787619736790657,
      0.786675540804863,
      0.7799719256162644,
      0.7806407135725021,
      0.7730079376697541,
      0.7764513659477233,
      0.7757698273658753,
      0.7650090003013611,
      0.755799555182457,
      0.7670430076122284,
      0.7453961461782456,
      0.7324457794427872,
      0.7488414573669434,
      0.7326735216379165,
      0.7260631060600281,
      0.7307480442523956
    ],
    "train_acc": [
      25.1171875,
      35.96875,
      41.7890625,
      43.9765625,
      45.62890625,
      48.13671875,
      48.60546875,
      49.4140625,
      50.2265625,
      51.04296875,
      52.171875,
      52.359375,
      53.4765625,
      53.93359375,
      54.078125,
      55.1953125,
      55.6640625,
      55.96484375,
      56.3671875,
      57.078125,
      57.06640625,
      57.41796875,
      58.4609375,
      58.5,
      59.4921875,
      58.9765625,
      60.73046875,
      60.22265625,
      60.2734375,
      60.71484375,
      61.33984375,
      61.58203125,
      61.8125,
      62.421875,
      61.83984375,
      62.98828125,
      63.4453125,
      62.92578125,
      63.546875,
      64.13671875,
      64.55078125,
      64.25,
      65.0,
      65.35546875,
      65.07421875,
      65.5390625,
      66.0546875,
      65.9375,
      65.9921875,
      66.72265625,
      66.79296875,
      66.73828125,
      66.859375,
      67.1484375,
      67.78515625,
      68.046875,
      67.125,
      68.1640625,
      68.43359375,
      68.55078125,
      68.53125,
      68.859375,
      68.953125,
      69.25390625,
      68.87890625,
      69.25,
      69.17578125,
      69.91015625,
      69.875,
      69.8359375,
      69.73046875,
      70.30078125,
      70.17578125,
      70.671875,
      70.46484375,
      70.66015625,
      70.4921875,
      71.6171875,
      71.05078125,
      71.71875,
      71.64453125,
      72.14453125,
      71.70703125,
      72.296875,
      72.4140625,
      72.28515625,
      72.5,
      72.76171875,
      72.6796875,
      72.70703125,
      72.65625,
      73.21875,
      73.484375,
      73.15234375,
      73.828125,
      74.38671875,
      73.57421875,
      74.1953125,
      74.36328125,
      74.14453125
    ],
    "test_loss": [
      1.7992337077856064,
      1.6084771662950517,
      1.5289657264947891,
      1.4438999801874162,
      1.4166379928588868,
      1.4164568036794662,
      1.3863657236099243,
      1.3568330734968186,
      1.3185310930013656,
      1.32521311044693,
      1.3578326761722566,
      1.2859726577997208,
      1.2790479868650437,
      1.251083078980446,
      1.2456680446863175,
      1.235049659013748,
      1.2364865571260453,
      1.2062678396701814,
      1.254501646757126,
      1.187828114628792,
      1.1984110116958617,
      1.166083312034607,
      1.174392282962799,
      1.2349504500627517,
      1.2125507473945618,
      1.1439418345689774,
      1.1568992733955383,
      1.1535048544406892,
      1.1543078750371933,
      1.1655950725078583,
      1.137202826142311,
      1.106435912847519,
      1.1042550414800645,
      1.0829882055521012,
      1.0783371061086655,
      1.0823450908064842,
      1.0939984738826751,
      1.0589655384421348,
      1.0787287414073945,
      1.055875052511692,
      1.0564075589179993,
      1.0363612651824952,
      1.064167021214962,
      1.0240906700491905,
      1.0347080796957016,
      1.0193760201334954,
      0.9954224780201912,
      1.0238083079457283,
      1.049543446302414,
      1.0327575489878655,
      0.9867491751909256,
      1.0296898916363717,
      1.0146574601531029,
      1.012767380475998,
      0.9690241470932961,
      0.9608221530914307,
      1.0084178835153579,
      1.0155270278453827,
      1.0291999459266663,
      0.9935420677065849,
      0.9924145728349686,
      1.014846733212471,
      0.9656596586108208,
      0.9828810870647431,
      0.9689947381615639,
      1.0072528690099716,
      0.9708315923810005,
      0.9871062874794007,
      0.9765732780098915,
      0.9616797387599945,
      1.0012855306267738,
      0.9530006662011147,
      0.9754059180617333,
      0.9850400358438491,
      0.9871126487851143,
      0.9981768697500228,
      0.9508457735180855,
      0.9733369201421738,
      0.9695711076259613,
      0.9531017422676087,
      0.9473760977387429,
      0.9297083675861358,
      0.9831937372684478,
      0.9811017215251923,
      0.9424782276153565,
      0.9724236741662026,
      0.9563130095601082,
      0.9377281606197357,
      0.9539221227169037,
      0.9409642681479454,
      0.9466386824846268,
      0.9488906309008598,
      1.0064806312322616,
      0.9413595929741859,
      0.9368570923805237,
      0.9410755202174187,
      0.9311942681670189,
      0.9535296514630318,
      0.9657623916864395,
      0.9558518290519714
    ],