{
  "config": {
    "run_name": "exp1_1_L4_K64",
    "out_dir": "./results",
    "seed": 297283368,
    "device": null,
    "bs_train": 256,
    "bs_test": 256,
    "batches": 100,
    "epochs": 100,
    "early_stopping": 5,
    "checkpoints": null,
    "lr": 0.001,
    "reg": 0.007,
    "filters_per_layer": [
      64
    ],
    "pool_every": 3,
    "hidden_dims": [
      2048,
      1024
    ],
    "model_type": "cnn",
    "kw": {},
    "layers_per_block": 4
  },
  "results": {
    "num_epochs": 72,
    "train_loss": [
      2.2898718881607056,
      1.96802969455719,
      1.762005364894867,
      1.6390201783180236,
      1.5583705377578736,
      1.513103107213974,
      1.4955519866943359,
      1.4591593503952027,
      1.4388995695114135,
      1.406026872396469,
      1.3949969935417175,
      1.3611451184749603,
      1.3610395991802215,
      1.3228138089179993,
      1.2877933597564697,
      1.274067248106003,
      1.2416427505016328,
      1.2336211121082306,
      1.2004983294010163,
      1.1895463967323303,
      1.1730129188299179,
      1.1526156562566756,
      1.141886139512062,
      1.1247257447242738,
      1.1207683378458022,
      1.1091858220100403,
      1.0891479861736297,
      1.0730144554376602,
      1.0575430500507355,
      1.0793028539419174,
      1.0481194150447846,
      1.0232041662931441,
      1.0272704654932021,
      1.0121903860569,
      0.9997363829612732,
      0.9837848305702209,
      0.98366996884346,
      0.9808347648382187,
      0.9718687683343887,
      0.9595096439123154,
      0.9560168182849884,
      0.9495596820116043,
      0.9371794146299363,
      0.9229626601934433,
      0.9252424210309982,
      0.9268595445156097,
      0.9217134994268418,
      0.9152519077062606,
      0.9049258655309678,
      0.8848425596952438,
      0.8859588253498077,
      0.8880136573314666,
      0.8783641797304154,
      0.876333835721016,
      0.8578070169687271,
      0.8639699602127076,
      0.8578432375192642,
      0.8481978350877761,
      0.8451641893386841,
      0.8557237058877945,
      0.8316126012802124,
      0.8333162331581115,
      0.830047853589058,
      0.8149547982215881,
      0.8279690396785736,
      0.8121256077289581,
      0.8027804613113403,
      0.8106240528821945,
      0.8120058739185333,
      0.8032410019636154,
      0.7976627123355865,
      0.7918867909908295
    ],
    "train_acc": [
      11.75,
      24.96484375,
      32.91796875,
      39.265625,
      41.9140625,
      43.96484375,
      44.94921875,
      46.34375,
      47.16796875,
      48.40234375,
      48.84765625,
      50.48828125,
      50.44921875,
      51.984375,
      53.3203125,
      53.99609375,
      55.1875,
      55.25390625,
      56.609375,
      57.03125,
      57.54296875,
      58.71875,
      58.58984375,
      59.76171875,
      59.69140625,
      60.203125,
      61.05859375,
      61.6953125,
      62.1796875,
      61.7265625,
      62.59375,
      63.55859375,
      63.64453125,
      63.8203125,
      64.5546875,
      65.20703125,
      65.15625,
      65.30859375,
      65.4453125,
      65.92578125,
      66.33984375,
      66.43359375,
      66.66015625,
      67.1796875,
      67.30078125,
      66.890625,
      67.4296875,
      67.265625,
      68.05078125,
      68.734375,
      68.7578125,
      68.53515625,
      69.25390625,
      68.9921875,
      69.7578125,
      69.59765625,
      69.69921875,
      70.17578125,
      69.96484375,
      69.95703125,
      70.9765625,
      70.33203125,
      70.8359375,
      71.421875,
      71.09765625,
      71.453125,
      72.02734375,
      71.32421875,
      71.61328125,
      71.5625,
      71.98828125,
      72.0234375
    ],
    "test_loss": [
      2.2204538583755493,
      1.7990401893854142,
      1.6633754521608353,
      1.5507623225450515,
      1.5188106417655944,
      1.4980380147695542,
      1.4545194894075393,
      1.4445865392684936,
      1.4180420905351638,
      1.3773674756288528,
      1.3520107835531234,
      1.3856851249933242,
      1.3368200838565827,
      1.3252632409334182,
      1.3093740135431289,
      1.2391717672348022,
      1.2647821456193924,
      1.2246814727783204,
      1.236751562356949,
      1.2429823100566864,
      1.1826519459486007,
      1.187971329689026,
      1.1897616803646087,
      1.1710285782814025,
      1.165387211740017,
      1.1500849962234496,
      1.1195807233452797,
      1.1034803986549377,
      1.124565951526165,
      1.246285942196846,
      1.085927926003933,
      1.1058891445398331,
      1.0785727322101593,
      1.1109800592064858,
      1.08015156686306,
      1.0814326733350754,
      1.061769139766693,
      1.0684261858463286,
      1.0576235964894294,
      1.0565618813037871,
      1.0498893797397613,
      1.0279837086796761,
      1.0122931972146034,
      1.0241868659853934,
      1.0018263354897499,
      1.0174263656139373,
      1.0082900866866111,
      0.9909698128700256,
      0.9912553295493126,
      0.9976144209504128,
      0.9947584763169288,
      0.9619039565324783,
      1.0523051962256431,
      1.025980579853058,
      0.9704616412520408,
      0.962290832400322,
      0.9585135594010353,
      0.9714358478784562,
      0.9696108415722847,
      0.9685807183384896,
      0.9538071364164352,
      0.9635220393538475,
      0.9525438010692596,
      0.9373886719346046,
      0.9303177431225776,
      0.9656682506203651,
      0.949041998386383,
      0.9676151782274246,
      0.9475664749741555,
      0.9733830094337463,
      0.9427861899137497,
      0.9421334534883499
    ],
    "test_acc": [
      15.07,
      31.01,
      37.81,
      41.76,
      43.99,
      44.84,
      46.24,
      46.52,
      47.85,
      49.14,
      50.25,
      49.96,
      51.39,
      51.92,
      52.1,
      55.11,
      54.01,
      55.95,
      55.43,
      55.1,
      57.05,
      57.34,
      57.04,
      57.57,
      58.41,
      58.63,
      59.89,
      60.73,
      59.73,
      56.9,
      61.16,
      60.71,
      61.33,
      60.48,
      61.73,
      61.36,
      62.31,
      62.16,
      62.29,
      63.0,
      62.91,
      63.79,
      64.2,
      63.3,
      65.11,
      64.56,
      64.6,
      65.22,
      64.81,
      65.07,
      65.61,
      65.94,
      63.38,
      64.07,
      65.98,
      66.51,
      66.56,
      65.97,
      66.06,
      66.05,
      66.9,
      66.1,
      66.8,
      66.97,
      67.48,
      66.11,
      66.8,
      66.24,
      66.83,
      65.76,
      67.13,
      66.78
    ]
  }
}