{
  "config": {
    "run_name": "exp1_4",
    "out_dir": "./results",
    "seed": 64630953,
    "device": null,
    "bs_train": 256,
    "bs_test": 256,
    "batches": 100,
    "epochs": 100,
    "early_stopping": 5,
    "checkpoints": null,
    "lr": 0.0005,
    "reg": 0.007,
    "filters_per_layer": [
      64,
      128,
      256
    ],
    "pool_every": 6,
    "hidden_dims": [
      1024,
      1024
    ],
    "model_type": "resnet",
    "kw": {},
    "layers_per_block": 2
  },
  "results": {
    "num_epochs": 100,
    "train_loss": [
      1.9100106489658355,
      1.6023413634300232,
      1.5121213603019714,
      1.4337891507148743,
      1.376091673374176,
      1.329574785232544,
      1.2774309051036834,
      1.2435508370399475,
      1.1937889540195465,
      1.156902088522911,
      1.1351883655786514,
      1.0988687419891356,
      1.0806484538316727,
      1.0699002808332443,
      1.0359581786394119,
      1.0104320520162582,
      1.0005526238679885,
      0.9865225464105606,
      0.9679291987419129,
      0.9504552215337754,
      0.9495862001180648,
      0.9279192960262299,
      0.9194079321622849,
      0.9040143418312073,
      0.8885443735122681,
      0.8716071635484696,
      0.8599062019586563,
      0.8608846157789231,
      0.8366554641723633,
      0.8404257035255432,
      0.8267094409465789,
      0.8132123458385467,
      0.8053244227170944,
      0.7907660347223282,
      0.7833490157127381,
      0.7666445034742355,
      0.7506256520748138,
      0.7469298076629639,
      0.7349549335241318,
      0.7202341938018799,
      0.7211892563104629,
      0.7061920082569122,
      0.697482996582985,
      0.6670165890455246,
      0.6635699313879013,
      0.6629608380794525,
      0.6503658103942871,
      0.6337294498085976,
      0.6284348404407502,
      0.6086525535583496,
      0.602361715734005,
      0.5877157220244408,
      0.5966342276334763,
      0.5623940601944923,
      0.5597121468186379,
      0.5398706537485123,
      0.551999876499176,
      0.5430511865019798,
      0.5109715527296066,
      0.5198542565107346,
      0.5002321138978004,
      0.47726696759462356,
      0.4756459188461304,
      0.4777572947740555,
      0.4568470177054405,
      0.4519726696610451,
      0.4331765308976173,
      0.4260100793838501,
      0.4187957853078842,
      0.4211325007677078,
      0.40439666658639906,
      0.3928826907277107,
      0.38473410069942476,
      0.38058910101652144,
      0.3606096017360687,
      0.358545161485672,
      0.3506036248803139,
      0.3684074327349663,
      0.33214428573846816,
      0.32746017530560495,
      0.32742136761546137,
      0.3184903775155544,
      0.3196619147062302,
      0.31738102972507476,
      0.2996738483011723,
      0.29304068788886073,
      0.2878072182834148,
      0.29763334706425665,
      0.28559792146086693,
      0.2814061291515827,
      0.26573738917708395,
      0.2636187419295311,
      0.27950523853302,
      0.259468964189291,
      0.26339985758066176,
      0.24385177090764046,
      0.2581724801659584,
      0.24581412062048913,
      0.2327300275862217,
      0.24531622149050236
    ],
    "train_acc": [
      30.9453125,
      41.8515625,
      44.71875,
      47.765625,
      49.8125,
      51.94140625,
      53.984375,
      55.78515625,
      57.33203125,
      58.625,
      59.73828125,
      61.03515625,
      61.984375,
      61.984375,
      63.50390625,
      64.3125,
      64.73046875,
      65.0078125,
      65.58203125,
      66.23046875,
      66.29296875,
      67.06640625,
      67.3515625,
      68.28125,
      68.96875,
      69.34375,
      69.46875,
      69.94140625,
      70.546875,
      70.5390625,
      70.8046875,
      71.296875,
      71.4453125,
      72.08984375,
      72.82421875,
      73.015625,
      73.82421875,
      73.9375,
      74.328125,
      74.7578125,
      74.62890625,
      75.0,
      75.17578125,
      76.9765625,
      76.47265625,
      76.84375,
      77.30859375,
      78.10546875,
      78.07421875,
      78.60546875,
      79.0078125,
      79.44921875,
      79.3203125,
      80.50390625,
      80.20703125,
      81.046875,
      80.97265625,
      80.96484375,
      82.6640625,
      82.0390625,
      82.54296875,
      83.671875,
      83.6328125,
      83.38671875,
      84.109375,
      84.22265625,
      85.13671875,
      85.62890625,
      85.3515625,
      85.5078125,
      85.8984375,
      86.234375,
      86.69140625,
      86.89453125,
      87.71875,
      87.703125,
      87.86328125,
      87.359375,
      88.58984375,
      88.5859375,
      88.890625,
      89.1953125,
      89.12109375,
      89.23828125,
      89.6328125,
      90.125,
      90.16796875,
      89.7734375,
      90.31640625,
      90.28515625,
      90.90234375,
      91.11328125,
      90.41015625,
      91.203125,
      90.91796875,
      91.69921875,
      91.1328125,
      91.765625,
      92.24609375,
      91.6015625
    ],
    "test_loss": [
      1.674233317375183,
      1.5509652465581893,
      1.4431182771921158,
      1.3947426915168761,
      1.3542541712522507,
      1.2982529729604722,
      1.283417496085167,
      1.203243190050125,
      1.2092439144849778,
      1.2022423803806306,
      1.1133815094828605,
      1.1160883918404578,
      1.0668935924768448,
      1.0746549606323241,
      1.179241742193699,
      1.0180231362581253,
      1.044945700466633,
      1.041046281158924,
      0.9990014955401421,
      1.0331496953964234,
      1.0308523297309875,
      0.9776045635342598,
      0.9676625624299049,
      1.069305920600891,
      0.9584718570113182,
      1.0112454727292062,
      0.9616941854357719,
      0.937906987965107,
      0.9564385741949082,
      0.9492567151784896,
      0.9602486386895179,
      0.9934267610311508,
      0.9158659487962723,
      0.9726498186588287,
      0.961515998840332,
      0.9128890216350556,
      0.9101123049855232,
      0.9008814826607704,
      0.9413896963000298,
      0.910208883881569,
      0.9420841932296753,
      0.8922392055392265,
      0.8901555791497231,
      0.9569958850741387,
      0.928613866865635,
      0.9167340219020843,
      0.9007450982928276,
      0.9321233093738556,
      0.9423945009708404,
      0.9011445999145508,
      0.9029371201992035,
      0.8885142505168915,
      0.9561040610074997,
      0.9031484916806221,
      0.9510709017515182,
      0.9107986643910408,
      0.9495193183422088,
      0.9333375781774521,
      0.9681833729147911,
      0.9528449848294258,
      0.9299492299556732,
      1.0329978093504906,
      1.0150619938969612,
      0.9652553901076317,
      0.9896162286400795,
      1.0105187103152276,
      1.0043987065553666,
      1.0112136706709862,
      1.003851567208767,
      1.0545331224799157,
      1.049128495156765,
      1.0486649990081787,
      1.0234323740005493,
      1.0555269435048102,
      1.0893871262669563,
      1.1347226977348328,
      1.1437263697385789,
      1.0717993184924126,
      1.1014270424842834,
      1.1175353065133096,
      1.2014523699879647,
      1.1824440002441405,
      1.1217525914311408,
      1.162931065261364,
      1.226009403169155,
      1.2259538605809213,
      1.1852158680558205,
      1.2366116791963577,
      1.2039852097630501,
      1.176655186712742,
      1.2231681689620018,
      1.2224671795964241,
      1.2233378112316131,
      1.2156423762440682,
      1.2122533321380615,
      1.3228664174675941,
      1.3117115050554276,
      1.2907694429159164,
      1.271914690732956,
      1.252507996559143
    ],