{
  "config": {
    "run_name": "exp1_2",
    "out_dir": "./results",
    "seed": 687438580,
    "device": null,
    "bs_train": 256,
    "bs_test": 256,
    "batches": 100,
    "epochs": 100,
    "early_stopping": 5,
    "checkpoints": null,
    "lr": 0.001,
    "reg": 0.007,
    "filters_per_layer": [
      64
    ],
    "pool_every": 3,
    "hidden_dims": [
      2048,
      1024
    ],
    "model_type": "cnn",
    "kw": {},
    "layers_per_block": 4
  },
  "results": {
    "num_epochs": 93,
    "train_loss": [
      2.1516175270080566,
      1.8353769528865813,
      1.6969307494163512,
      1.6075541472434998,
      1.5419634187221527,
      1.4829715514183044,
      1.4574202382564545,
      1.4026429200172423,
      1.3826737415790558,
      1.3441530561447144,
      1.3157568550109864,
      1.2846497654914857,
      1.2722136199474334,
      1.2346948063373566,
      1.2098404610157012,
      1.202008422613144,
      1.176899436712265,
      1.1439518642425537,
      1.1428158873319625,
      1.1228622955083847,
      1.1048178189992905,
      1.1133923923969269,
      1.0784090214967728,
      1.0685601365566253,
      1.0501687610149384,
      1.0507777231931685,
      1.0375264155864716,
      1.0323971545696258,
      1.0084775358438491,
      1.0091617625951768,
      0.9860183119773864,
      0.9898767340183258,
      0.9801446211338043,
      0.9661379712820053,
      0.9617152625322342,
      0.957137148976326,
      0.9451812297105789,
      0.9429158234596252,
      0.9267453080415726,
      0.9309561979770661,
      0.9324837577342987,
      0.9223542308807373,
      0.9039659166336059,
      0.9131651252508164,
      0.8968977725505829,
      0.9018016922473907,
      0.9030527985095977,
      0.8977903550863267,
      0.8903110080957413,
      0.8829944956302643,
      0.8793071389198304,
      0.8858010786771774,
      0.904785258769989,
      0.8632882964611054,
      0.8600536549091339,
      0.8653327095508575,
      0.8655651932954789,
      0.8534038680791854,
      0.8579072940349579,
      0.846293044090271,
      0.8477456015348435,
      0.8385114592313766,
      0.8374772924184799,
      0.8419149738550186,
      0.8372036534547805,
      0.8286025559902191,
      0.8357244366407395,
      0.8263678562641144,
      0.8388997477293014,
      0.8224605584144592,
      0.8189697915315628,
      0.8195163577795028,
      0.8114315968751907,
      0.8007931220531463,
      0.8198339933156967,
      0.8102188187837601,
      0.8112221592664719,
      0.806161532998085,
      0.8271845048666,
      0.8030133336782456,
      0.7985097026824951,
      0.8055684894323349,
      0.8001738327741623,
      0.7942668426036835,
      0.7820775771141052,
      0.7825402814149857,
      0.7861418908834458,
      0.7732849323749542,
      0.7838026255369186,
      0.7681019198894501,
      0.7917663544416428,
      0.78189288854599,
      0.7733186793327331
    ],
    "train_acc": [
      18.8984375,
      31.953125,
      37.4921875,
      40.625,
      43.58203125,
      45.6015625,
      46.7890625,
      48.72265625,
      49.94921875,
      51.1953125,
      52.234375,
      53.47265625,
      54.109375,
      55.3515625,
      56.6328125,
      57.109375,
      57.43359375,
      59.09765625,
      59.11328125,
      59.71875,
      60.3671875,
      60.51953125,
      61.40625,
      61.8828125,
      62.375,
      62.65234375,
      63.46484375,
      63.16796875,
      64.26171875,
      64.17578125,
      64.76171875,
      65.0859375,
      65.4453125,
      65.75390625,
      65.83984375,
      66.0,
      66.65234375,
      66.70703125,
      67.18359375,
      67.1953125,
      67.31640625,
      67.48828125,
      68.31640625,
      67.953125,
      68.5546875,
      68.43359375,
      68.34375,
      67.91796875,
      68.85546875,
      68.94921875,
      69.0078125,
      69.02734375,
      68.66796875,
      69.4375,
      69.8984375,
      69.578125,
      69.48828125,
      69.859375,
      70.1796875,
      70.36328125,
      70.21875,
      70.69140625,
      70.69140625,
      70.203125,
      70.546875,
      70.890625,
      70.50390625,
      70.69921875,
      70.48046875,
      70.85546875,
      71.00390625,
      71.51953125,
      71.69921875,
      71.71484375,
      71.20703125,
      71.65234375,
      71.4140625,
      71.73828125,
      71.08984375,
      71.73046875,
      71.79296875,
      71.70703125,
      71.80859375,
      72.37890625,
      72.6875,
      72.453125,
      72.45703125,
      73.3125,
      72.75,
      73.28125,
      72.12109375,
      72.6953125,
      73.0546875
    ],
    "test_loss": [
      1.9481865227222444,
      1.746833336353302,
      1.622548508644104,
      1.5566115826368332,
      1.4881919085979463,
      1.4488680005073546,
      1.425685426592827,
      1.541640082001686,
      1.405501115322113,
      1.3336562871932984,
      1.317100039124489,
      1.2793358981609344,
      1.2876833826303482,
      1.2622831642627717,
      1.2103330373764039,
      1.3170193642377854,
      1.232013812661171,
      1.1562505185604095,
      1.1870712518692017,
      1.1369652435183526,
      1.160063922405243,
      1.144836848974228,
      1.1291957795619965,
      1.1135452270507813,
      1.118143756687641,
      1.096281571686268,
      1.090354634821415,
      1.0892988383769988,
      1.0844929069280624,
      1.0483025714755059,
      1.0777133151888847,
      1.0771336019039155,
      1.0836732730269432,
      1.0635046795010568,
      1.028132538497448,
      1.0168246731162072,
      1.009645275771618,
      1.0056994065642357,
      1.0119595125317573,
      0.9996869206428528,
      1.002590049803257,
      0.996382711827755,
      0.9949464336037636,
      0.985530561208725,
      1.02757768034935,
      0.9898672580718995,
      1.0088205516338349,
      0.9690515235066414,
      0.9760975554585457,
      1.0048412278294563,
      0.9925401642918587,
      0.9828702419996261,
      1.0175653174519539,
      0.9811952844262123,
      0.9731915950775146,
      1.0028996646404267,
      0.9602595195174217,
      1.0132512122392654,
      0.9564408615231514,
      0.9634904131293297,
      1.025379553437233,
      1.006854972243309,
      0.9818167731165885,
      0.9440838620066643,
      0.9728347823023796,
      0.9852600485086441,
      0.9426706418395042,
      0.990445838868618,
      0.937015363574028,
      1.0089653179049491,
      1.2127755224704742,
      0.9405644401907921,
      0.9404894128441811,
      0.9645784825086594,
      0.966663108766079,
      0.926401624083519,
      0.9450425684452057,
      0.9392774865031243,
      0.9258807569742202,
      0.9207668364048004,
      0.9266603052616119,
      0.956177169084549,
      0.9393152192234993,
      0.9248580977320671,
      0.9149377107620239,
      0.937349820137024,
      0.9543060347437858,
      0.959023517370224,
      0.9557778149843216,
      0.925709156692028,
      0.9219238817691803,
      0.9396108135581016,
      0.9047198086977005
    ],