{
  "config": {
    "run_name": "exp1_2",
    "out_dir": "./results",
    "seed": 831197754,
    "device": null,
    "bs_train": 256,
    "bs_test": 256,
    "batches": 100,
    "epochs": 100,
    "early_stopping": 5,
    "checkpoints": null,
    "lr": 0.001,
    "reg": 0.007,
    "filters_per_layer": [
      128
    ],
    "pool_every": 3,
    "hidden_dims": [
      2048,
      1024
    ],
    "model_type": "cnn",
    "kw": {},
    "layers_per_block": 8
  },
  "results": {
    "num_epochs": 11,
    "train_loss": [
      2.3027540826797486,
      2.302685608863831,
      2.3026367902755736,
      2.3026626968383788,
      2.3026113748550414,
      2.3026065683364867,
      2.3026865482330323,
      2.302635736465454,
      2.3026738071441653,
      2.302645206451416,
      2.302662341594696
    ],
    "train_acc": [
      9.96875,
      9.8984375,
      9.875,
      9.90234375,
      9.66015625,
      10.07421875,
      10.01171875,
      9.84765625,
      9.9765625,
      9.96484375,
      9.75
    ],
    "test_loss": [
      2.302693611383438,
      2.302646887302399,
      2.3026181757450104,
      2.3025901675224305,
      2.302602583169937,
      2.3026714622974396,
      2.3026140928268433,
      2.3025602996349335,
      2.3025952219963073,
      2.3026039063930512,
      2.302585631608963
    ],
    "test_acc": [
      10.0,
      10.0,
      10.0,
      10.0,
      10.0,
      10.0,
      10.0,
      10.0,
      10.0,
      10.0,
      10.0
    ]
  }
}