{
  "config": {
    "run_name": "exp1_1_L2_K32",
    "out_dir": "./results",
    "seed": 932687337,
    "device": null,
    "bs_train": 256,
    "bs_test": 256,
    "batches": 100,
    "epochs": 100,
    "early_stopping": 5,
    "checkpoints": null,
    "lr": 0.001,
    "reg": 0.007,
    "filters_per_layer": [
      32
    ],
    "pool_every": 3,
    "hidden_dims": [
      2048,
      1024
    ],
    "model_type": "cnn",
    "kw": {},
    "layers_per_block": 2
  },
  "results": {
    "num_epochs": 75,
    "train_loss": [
      2.1223915791511536,
      1.8134717071056365,
      1.6811652743816377,
      1.6330487942695617,
      1.6015774762630464,
      1.565139321088791,
      1.49463485956192,
      1.4553515720367431,
      1.4285957622528076,
      1.4005074691772461,
      1.3875636553764343,
      1.3662286972999573,
      1.3555970752239228,
      1.331157990694046,
      1.3301418232917785,
      1.305918357372284,
      1.292671900987625,
      1.292266161441803,
      1.2724255645275115,
      1.2577827978134155,
      1.2582318329811095,
      1.2447697186470033,
      1.2356330239772797,
      1.228581030368805,
      1.230952606201172,
      1.211918205022812,
      1.2056699562072755,
      1.2590959692001342,
      1.2548259329795837,
      1.2144566237926484,
      1.1953040099143981,
      1.1847906720638275,
      1.1860763788223267,
      1.1750716280937195,
      1.1729209291934968,
      1.1833986139297485,
      1.1531904762983323,
      1.1568839585781097,
      1.1455095183849335,
      1.1451678305864335,
      1.153258067369461,
      1.168417488336563,
      1.1456754511594773,
      1.1325732231140138,
      1.13585476398468,
      1.14014430642128,
      1.1259451657533646,
      1.1298737102746963,
      1.1393547606468202,
      1.1222723639011383,
      1.1253551405668258,
      1.1101618748903275,
      1.1136579263210296,
      1.1058797478675841,
      1.1028801596164703,
      1.0997906291484834,
      1.0950272864103316,
      1.1038203293085098,
      1.1053561902046203,
      1.1018272948265075,
      1.0857252860069275,
      1.0786800074577332,
      1.0886650478839874,
      1.0777926003932954,
      1.0756893169879913,
      1.0803071027994156,
      1.0818681651353836,
      1.0674765944480895,
      1.073035905957222,
      1.067607656121254,
      1.083955060839653,
      1.1372831439971924,
      1.077376635670662,
      1.0666946411132812,
      1.0696660763025283
    ],
    "train_acc": [
      19.65625,
      33.74609375,
      38.3125,
      40.11328125,
      40.87109375,
      42.57421875,
      45.36328125,
      46.59375,
      47.828125,
      49.3046875,
      49.2421875,
      50.36328125,
      51.06640625,
      51.8984375,
      52.19921875,
      53.0703125,
      53.4765625,
      52.94921875,
      54.35546875,
      54.78125,
      55.00390625,
      55.47265625,
      55.265625,
      55.87109375,
      55.85546875,
      56.62109375,
      56.671875,
      54.859375,
      55.296875,
      56.51171875,
      56.9375,
      57.39453125,
      57.3046875,
      57.78125,
      57.93359375,
      57.7578125,
      58.7734375,
      58.671875,
      58.99609375,
      58.91796875,
      58.86328125,
      58.1953125,
      58.97265625,
      59.47265625,
      59.08203125,
      59.11328125,
      59.828125,
      59.41015625,
      58.9453125,
      59.79296875,
      59.16015625,
      60.390625,
      60.1796875,
      60.44140625,
      60.40625,
      60.58984375,
      60.8046875,
      60.70703125,
      60.5859375,
      60.578125,
      61.2734375,
      61.50390625,
      60.8828125,
      61.4765625,
      61.3671875,
      61.515625,
      61.40234375,
      61.59375,
      61.58984375,
      62.1171875,
      61.30859375,
      59.46875,
      61.4375,
      61.87890625,
      61.9609375
    ],
    "test_loss": [
      1.892162960767746,
      1.7051265448331834,
      1.641138669848442,
      1.6355037659406662,
      1.6332602679729462,
      1.5496805548667907,
      1.4516196697950363,
      1.439352661371231,
      1.4489987194538116,
      1.4148606389760972,
      1.4196528404951096,
      1.3517963200807572,
      1.3431772530078887,
      1.4144129753112793,
      1.323610857129097,
      1.314563238620758,
      1.3207664400339127,
      1.30406052172184,
      1.276615434885025,
      1.2731249198317527,
      1.3207300454378128,
      1.2658142387866973,
      1.2536261260509491,
      1.251086601614952,
      1.2387265324592591,
      1.241389536857605,
      1.263870868086815,
      1.272123771905899,
      1.2964705914258956,
      1.2167485058307648,
      1.2334895461797715,
      1.2182950913906097,
      1.1953756242990494,
      1.240386000275612,
      1.238294792175293,
      1.2293973445892334,
      1.244143655896187,
      1.2174420297145843,
      1.1774502784013747,
      1.2206304967403412,
      1.221169474720955,
      1.2128240048885346,
      1.2079706251621247,
      1.19944529235363,
      1.1837579697370528,
      1.181246218085289,
      1.1909214317798615,
      1.2194604933261872,
      1.1702034056186676,
      1.17506285905838,
      1.1751060694456101,
      1.2110678136348725,
      1.2363770395517348,
      1.1897784382104875,
      1.19707250893116,
      1.1535340785980224,
      1.1815174698829651,
      1.1742665261030196,
      1.1832159489393235,
      1.1567432194948197,
      1.1524562031030654,
      1.1867201685905457,
      1.1843352288007736,
      1.160563513636589,
      1.1518911272287369,
      1.212024700641632,
      1.1447088718414307,
      1.1621667832136153,
      1.2026015758514403,
      1.18623189330101,
      1.1685270100831986,
      1.1594779372215271,
      1.1910445928573608,
      1.1913346707820893,
      1.20678813457489
    ],
    "test_acc": [
      31.13,
      38.02,
      40.8,
      38.88,
      41.16,
      44.14,
      45.89,
      46.39,
      46.66,
      47.74,
      47.55,
      50.17,
      50.41,
      48.91,
      51.52,
      52.14,
      51.96,
      52.03,
      52.71,
      53.83,
      52.58,
      54.14,
      54.55,
      54.73,
      55.15,
      55.64,
      53.92,
      53.95,
      53.89,
      56.22,
      55.48,
      56.51,
      56.93,
      55.55,
      55.43,
      55.71,
      55.08,
      56.38,
      58.2,
      56.83,
      55.89,
      56.58,
      56.06,
      57.43,
      57.28,
      57.02,
      57.35,
      56.01,
      58.31,
      57.98,
      58.07,
      56.85,
      55.43,
      57.37,
      57.24,
      58.72,
      57.93,
      58.04,
      57.93,
      58.66,
      58.69,
      57.59,
      58.14,
      58.88,
      59.32,
      56.02,
      59.23,
      58.86,
      55.94,
      57.32,
      57.76,
      58.78,
      57.84,
      56.88,
      56.85
    ]
  }
}