{
  "config": {
    "run_name": "exp1_4",
    "out_dir": "./results",
    "seed": 1985227778,
    "device": null,
    "bs_train": 256,
    "bs_test": 256,
    "batches": 100,
    "epochs": 100,
    "early_stopping": 5,
    "checkpoints": null,
    "lr": 0.0005,
    "reg": 0.007,
    "filters_per_layer": [
      32
    ],
    "pool_every": 6,
    "hidden_dims": [
      1024,
      1024
    ],
    "model_type": "resnet",
    "kw": {},
    "layers_per_block": 32
  },
  "results": {
    "num_epochs": 100,
    "train_loss": [
      2.1973718667030333,
      2.0317338049411773,
      1.9299033272266388,
      1.8267428541183472,
      1.746647435426712,
      1.7125432395935059,
      1.698368365764618,
      1.6869548320770265,
      1.6633782243728639,
      1.6469762647151946,
      1.6344903826713562,
      1.6169019722938538,
      1.6083053541183472,
      1.5818504691123962,
      1.5562578296661378,
      1.5430297899246215,
      1.5246495163440705,
      1.5097104680538178,
      1.5019629144668578,
      1.4955506026744843,
      1.4735030460357665,
      1.4978489005565643,
      1.475598188638687,
      1.4509388935565948,
      1.4468306636810302,
      1.4454601466655732,
      1.4589609706401825,
      1.4354337358474731,
      1.419282044172287,
      1.4376426815986634,
      1.4170576512813569,
      1.4132297158241272,
      1.4168453228473663,
      1.400170682668686,
      1.4016818714141845,
      1.402393091917038,
      1.389634928703308,
      1.3862717700004579,
      1.3783643281459808,
      1.3655590879917145,
      1.3739731204509735,
      1.372903299331665,
      1.3664802706241608,
      1.3757772254943847,
      1.3653137767314911,
      1.3569117403030395,
      1.3795005905628204,
      1.343458617925644,
      1.3521959817409515,
      1.3541736805438995,
      1.3312139070034028,
      1.339459729194641,
      1.343210804462433,
      1.330004893541336,
      1.322834461927414,
      1.3294645583629607,
      1.3251691126823426,
      1.3183860957622529,
      1.3116440999507903,
      1.3187043595314025,
      1.3060763990879058,
      1.3122887432575225,
      1.3000609958171845,
      1.3090307593345643,
      1.3032484531402588,
      1.2999521970748902,
      1.283880854845047,
      1.2995413041114807,
      1.2915072453022003,
      1.2900341725349427,
      1.285825216770172,
      1.2765564405918122,
      1.2867260801792144,
      1.2809670519828797,
      1.2817517828941345,
      1.27704434633255,
      1.2746217834949494,
      1.275821133852005,
      1.2783013880252838,
      1.2582100355625152,
      1.263344762325287,
      1.2619398438930511,
      1.259265546798706,
      1.2505068290233612,
      1.2564762043952942,
      1.2392196810245515,
      1.2436410510540008,
      1.2419333243370057,
      1.254329925775528,
      1.2330117273330687,
      1.2357466304302216,
      1.232963707447052,
      1.2281752860546111,
      1.2279458355903625,
      1.2157954096794128,
      1.224332126379013,
      1.232656819820404,
      1.2279989612102509,
      1.218636965751648,
      1.2160653829574586
    ],
    "train_acc": [
      17.26953125,
      23.078125,
      28.2734375,
      31.8515625,
      34.16015625,
      34.87109375,
      35.70703125,
      35.92578125,
      36.7109375,
      37.3046875,
      37.78125,
      38.55859375,
      39.33203125,
      40.28515625,
      41.1171875,
      42.171875,
      42.7890625,
      43.32421875,
      43.85546875,
      43.71484375,
      44.61328125,
      44.1171875,
      44.74609375,
      45.9453125,
      46.16796875,
      46.03515625,
      45.6953125,
      46.75,
      47.22265625,
      46.546875,
      47.23046875,
      47.30859375,
      47.08203125,
      47.93359375,
      48.07421875,
      47.78515625,
      48.17578125,
      48.24609375,
      48.765625,
      48.98828125,
      48.9921875,
      48.77734375,
      49.078125,
      48.77734375,
      49.453125,
      49.6640625,
      48.4375,
      49.890625,
      49.83984375,
      49.52734375,
      50.421875,
      50.015625,
      49.703125,
      50.35546875,
      50.6328125,
      50.36328125,
      50.2890625,
      50.85546875,
      51.08984375,
      51.25390625,
      51.40234375,
      51.16015625,
      51.3203125,
      51.54296875,
      51.453125,
      51.734375,
      52.38671875,
      51.76171875,
      52.2421875,
      52.265625,
      52.328125,
      52.921875,
      52.6328125,
      51.87890625,
      52.5078125,
      52.93359375,
      52.5703125,
      52.74609375,
      52.8125,
      53.5546875,
      53.859375,
      53.19140625,
      53.703125,
      53.75390625,
      53.50390625,
      54.6640625,
      54.0625,
      54.44921875,
      53.67578125,
      54.26171875,
      54.80859375,
      54.703125,
      54.9296875,
      54.6953125,
      55.2421875,
      55.10546875,
      54.86328125,
      54.68359375,
      55.09765625,
      55.3125
    ],
    "test_loss": [
      2.0554196149110795,
      1.9788328021764756,
      1.8457540959119796,
      1.7400109320878983,
      1.7140483886003495,
      1.6668288916349412,
      1.6919064044952392,
      1.6370755463838578,
      1.6212704449892044,
      1.6053302019834519,
      1.6430008471012116,
      1.579202264547348,
      1.5653172969818114,
      1.5334193348884582,
      1.5428092390298844,
      1.5014722168445587,
      1.481725612282753,
      1.5179038435220717,
      1.4719435691833496,
      1.4951148509979248,
      1.5789893090724945,
      1.481704118847847,
      1.4473187714815139,
      1.4271912425756454,
      1.41851147711277,
      1.4331607818603516,
      1.433780911564827,
      1.4226528897881507,
      1.418261882662773,
      1.40320525765419,
      1.402318760752678,
      1.426504021883011,
      1.399641862511635,
      1.378429214656353,
      1.3904070228338241,
      1.4019479274749755,
      1.3742009997367859,
      1.3623421892523766,
      1.3610377714037896,
      1.3709455370903014,
      1.356069129705429,
      1.3573625147342683,
      1.3533377528190613,
      1.46354700922966,
      1.3997943535447122,
      1.3978442341089248,
      1.3981024265289306,
      1.350072780251503,
      1.3247994780540466,
      1.3300971180200576,
      1.3463337749242783,
      1.3363322377204896,
      1.3448538780212402,
      1.387494432926178,
      1.3098740816116332,
      1.310301625728607,
      1.3582859307527542,
      1.3257213160395622,
      1.379242131114006,
      1.3327182173728942,
      1.3011803612113,
      1.3181728035211564,
      1.3122124671936035,
      1.3295003086328507,
      1.308244463801384,
      1.2990044966340064,
      1.2951248839497567,
      1.2867486372590065,
      1.2943643987178803,
      1.3347140371799469,
      1.2742466300725936,
      1.285152617096901,
      1.2816073894500732,
      1.2839292332530021,
      1.319881370663643,
      1.2917937636375427,
      1.2685865059494972,
      1.2608297988772392,
      1.2707445830106736,
      1.2957427471876144,
      1.3275852143764495,
      1.2603747189044952,
      1.2549014896154405,
      1.2477015674114227,
      1.2534003108739853,
      1.2485947757959366,
      1.2462589994072915,
      1.239845235645771,
      1.2458887919783592,
      1.2427560806274414,
      1.2997932568192483,
      1.2635509312152862,
      1.2536190554499627,
      1.2317991852760315,
      1.223836463689804,
      1.2249830067157745,
      1.2378474712371825,
      1.2579748883843422,
      1.2230489075183868,
      1.217299047112465
    ],