{
  "config": {
    "run_name": "exp1_1_L8_K32",
    "out_dir": "./results",
    "seed": 347678262,
    "device": null,
    "bs_train": 256,
    "bs_test": 256,
    "batches": 100,
    "epochs": 100,
    "early_stopping": 5,
    "checkpoints": null,
    "lr": 0.001,
    "reg": 0.007,
    "filters_per_layer": [
      32
    ],
    "pool_every": 3,
    "hidden_dims": [
      2048,
      1024
    ],
    "model_type": "cnn",
    "kw": {},
    "layers_per_block": 8
  },
  "results": {
    "num_epochs": 11,
    "train_loss": [
      2.302811713218689,
      2.302664570808411,
      2.3025983929634095,
      2.3026345276832583,
      2.302663426399231,
      2.3026373052597044,
      2.302653980255127,
      2.3026565980911253,
      2.302643918991089,
      2.3026612257957457,
      2.30263432264328
    ],
    "train_acc": [
      9.85546875,
      9.71484375,
      9.94140625,
      9.859375,
      9.8359375,
      10.01953125,
      9.828125,
      9.89453125,
      9.69921875,
      9.94140625,
      9.9140625
    ],
    "test_loss": [
      2.3026862919330595,
      2.3026343107223513,
      2.3026136994361877,
      2.302494740486145,
      2.3025244951248167,
      2.3025301814079286,
      2.3025385975837707,
      2.302599322795868,
      2.3025490581989287,
      2.302539813518524,
      2.3024998903274536
    ],
    "test_acc": [
      10.0,
      10.0,
      10.0,
      10.0,
      10.0,
      10.0,
      10.0,
      10.0,
      10.0,
      10.0,
      10.0
    ]
  }
}