{
  "config": {
    "run_name": "exp1_1_L2_K64",
    "out_dir": "./results",
    "seed": 1994421098,
    "device": null,
    "bs_train": 256,
    "bs_test": 256,
    "batches": 100,
    "epochs": 100,
    "early_stopping": 5,
    "checkpoints": null,
    "lr": 0.001,
    "reg": 0.007,
    "filters_per_layer": [
      64
    ],
    "pool_every": 3,
    "hidden_dims": [
      2048,
      1024
    ],
    "model_type": "cnn",
    "kw": {},
    "layers_per_block": 2
  },
  "results": {
    "num_epochs": 86,
    "train_loss": [
      2.0625771069526673,
      1.7523552894592285,
      1.5535314774513245,
      1.486146686077118,
      1.4567118167877198,
      1.4111115550994873,
      1.4072890305519103,
      1.3606791234016418,
      1.3198673129081726,
      1.3060952174663543,
      1.2936706781387328,
      1.2737562143802643,
      1.2630422139167785,
      1.2509262883663177,
      1.2350978255271912,
      1.2202259337902068,
      1.1956405282020568,
      1.1866846466064453,
      1.1852904486656188,
      1.1622198647260666,
      1.1593002235889436,
      1.1463242256641388,
      1.1388370645046235,
      1.1279429852962495,
      1.1090192693471908,
      1.101778693795204,
      1.0985064363479615,
      1.099863406419754,
      1.0827643245458602,
      1.0752041280269622,
      1.0574381750822068,
      1.0626442939043046,
      1.0502575325965882,
      1.0494720578193664,
      1.0282747536897658,
      1.0412936806678772,
      1.0140265613794326,
      1.023249694108963,
      1.0039310401678085,
      1.0043447667360306,
      0.9940207409858703,
      0.98389144718647,
      0.9773859649896621,
      0.984816934466362,
      1.000876756310463,
      0.979282466173172,
      0.9731760859489441,
      0.9527017915248871,
      0.9494547039270401,
      0.932805204987526,
      0.9369884371757508,
      0.9302589583396912,
      0.9337004059553147,
      0.9274508851766586,
      0.9266145688295364,
      0.9143710392713547,
      0.9110061395168304,
      0.913547847867012,
      0.907281853556633,
      0.9084703022241593,
      0.8938913881778717,
      0.8984043949842453,
      0.9028478091955185,
      0.8904081040620804,
      0.8966289919614792,
      0.8806258338689804,
      0.8755857837200165,
      0.8731975364685058,
      0.8723067277669907,
      0.8708165830373764,
      0.8660331344604493,
      0.8688282823562622,
      0.8500731188058853,
      0.853152951002121,
      0.8502841955423355,
      0.8524630916118622,
      0.9256430894136429,
      0.851518667936325,
      0.8389966630935669,
      0.8429701215028763,
      0.8205666798353195,
      0.839414758682251,
      0.8403084748983383,
      0.8353572630882263,
      0.8322882920503616,
      0.8260627198219299
    ],
    "train_acc": [
      23.4453125,
      35.67578125,
      42.59375,
      45.890625,
      46.65234375,
      49.17578125,
      49.171875,
      50.87890625,
      52.078125,
      52.95703125,
      53.8359375,
      53.9921875,
      54.73828125,
      54.74609375,
      55.578125,
      56.03125,
      57.203125,
      57.6484375,
      57.62890625,
      58.16015625,
      58.15625,
      59.01171875,
      59.35546875,
      59.5390625,
      60.5,
      60.734375,
      61.01953125,
      60.5859375,
      61.51171875,
      61.828125,
      62.3125,
      62.4140625,
      62.6953125,
      62.84765625,
      63.4375,
      62.95703125,
      64.07421875,
      63.66796875,
      64.2109375,
      64.46875,
      64.75390625,
      65.390625,
      65.42578125,
      65.265625,
      64.99609375,
      65.20703125,
      65.16796875,
      66.41796875,
      66.53515625,
      67.0625,
      67.0078125,
      67.21875,
      66.953125,
      67.328125,
      67.30078125,
      67.41015625,
      67.43359375,
      68.0546875,
      68.1953125,
      67.7578125,
      68.6875,
      68.1796875,
      68.26953125,
      68.5546875,
      68.34375,
      69.0546875,
      68.984375,
      69.203125,
      68.98046875,
      69.23828125,
      69.76953125,
      69.3984375,
      70.01953125,
      69.875,
      70.1953125,
      70.32421875,
      67.36328125,
      70.12890625,
      70.8671875,
      70.7265625,
      71.1171875,
      70.5859375,
      70.34375,
      70.6640625,
      70.921875,
      70.86328125
    ],
    "test_loss": [
      1.7838221877813338,
      1.6053853929042816,
      1.503504040837288,
      1.42110033929348,
      1.4125097543001175,
      1.3893091291189195,
      1.3831840872764587,
      1.3407141625881196,
      1.3194503396749497,
      1.3107121020555497,
      1.3116725534200668,
      1.2766225814819336,
      1.2445843368768692,
      1.2439228802919389,
      1.251453059911728,
      1.2222341418266296,
      1.2122563630342484,
      1.2261770993471146,
      1.1913032233715057,
      1.2248546749353408,
      1.2018964856863021,
      1.1644099920988082,
      1.193792399764061,
      1.1689193427562714,
      1.18342581987381,
      1.1726658374071122,
      1.166822463274002,
      1.1378595352172851,
      1.1668532103300095,
      1.1208557322621346,
      1.1272268354892732,
      1.127213789522648,
      1.1181405112147331,
      1.1256930857896805,
      1.1618028551340103,
      1.102960531413555,
      1.1399175718426704,
      1.0858424946665763,
      1.0927490279078484,
      1.0729842334985733,
      1.062146432697773,
      1.065930189192295,
      1.0705844551324843,
      1.0660740911960602,
      1.079612624645233,
      1.0745237305760384,
      1.0595980346202851,
      1.0430979430675507,
      1.0294417828321456,
      1.0713176384568215,
      1.0325677230954171,
      1.0510252371430397,
      1.092764101922512,
      1.0412499874830246,
      1.0708313137292862,
      1.042338414490223,
      1.0280918031930923,
      0.9992964133620262,
      1.0259547397494315,
      1.0137691140174865,
      1.0212245807051659,
      1.0659024313092231,
      1.067356565594673,
      1.0110352769494058,
      1.0126075103878975,
      1.0207352608442306,
      1.0512534767389297,
      1.0110104277729988,
      1.0389883443713188,
      0.9994149655103683,
      1.007628110051155,
      0.9840514734387398,
      1.019866842031479,
      0.9889457121491432,
      1.0211900100111961,
      0.9923740148544311,
      1.0040283754467965,
      1.0215429291129112,
      1.020503394305706,
      1.0086738809943199,
      1.0284441754221916,
      0.9748974919319153,
      1.01486686617136,
      0.987370902299881,
      0.9990062579512596,
      0.993002662062645
    ],
    "test_acc": [
      34.17,
      41.02,
      44.97,
      47.9,
      48.67,
      48.61,
      50.39,
      51.4,
      51.34,
      51.8,
      52.66,
      53.16,
      54.9,
      55.1,
      55.19,
      55.87,
      56.85,
      56.03,
      56.76,
      56.27,
      57.05,
      57.74,
      56.99,
      57.83,
      57.97,
      57.34,
      58.77,
      59.72,
      58.85,
      60.02,
      59.51,
      59.86,
      60.31,
      59.79,
      59.13,
      60.65,
      59.71,
      61.62,
      61.39,
      62.17,
      62.7,
      62.06,
      62.8,
      62.52,
      62.02,
      62.17,
      62.4,
      63.45,
      63.88,
      62.78,
      63.52,
      63.09,
      61.66,
      63.27,
      62.8,
      63.4,
      64.11,
      64.83,
      63.72,
      64.33,
      64.09,
      62.08,
      62.02,
      64.51,
      64.92,
      64.68,
      63.21,
      64.74,
      63.86,
      64.97,
      64.53,
      65.52,
      64.47,
      65.08,
      64.56,
      65.54,
      65.13,
      64.64,
      64.53,
      64.26,
      64.2,
      65.32,
      64.53,
      65.27,
      65.18,
      65.43
    ]
  }
}