{
  "config": {
    "run_name": "exp1_4",
    "out_dir": "./results",
    "seed": 1755266574,
    "device": null,
    "bs_train": 256,
    "bs_test": 256,
    "batches": 100,
    "epochs": 100,
    "early_stopping": 5,
    "checkpoints": null,
    "lr": 0.0005,
    "reg": 0.007,
    "filters_per_layer": [
      64,
      128,
      256
    ],
    "pool_every": 5,
    "hidden_dims": [
      1024,
      1024
    ],
    "model_type": "resnet",
    "kw": {},
    "layers_per_block": 8
  },
  "results": {
    "num_epochs": 6,
    "train_loss": [
      2.301839356422424,
      2.302631709575653,
      2.3026619601249694,
      2.3026466751098633,
      2.302616717815399,
      2.302639648914337
    ],
    "train_acc": [
      10.6875,
      10.03515625,
      9.77734375,
      10.046875,
      10.203125,
      9.828125
    ],
    "test_loss": [
      2.3023864805698393,
      2.3025383174419405,
      2.302563214302063,
      2.302542781829834,
      2.3025822401046754,
      2.3025858283042906
    ],
    "test_acc": [
      10.0,
      10.0,
      10.0,
      10.0,
      10.0,
      10.0
    ]
  }
}