{
  "config": {
    "run_name": "exp1_4",
    "out_dir": "./results",
    "seed": 2045779129,
    "device": null,
    "bs_train": 256,
    "bs_test": 256,
    "batches": 100,
    "epochs": 100,
    "early_stopping": 5,
    "checkpoints": null,
    "lr": 0.0005,
    "reg": 0.007,
    "filters_per_layer": [
      32
    ],
    "pool_every": 6,
    "hidden_dims": [
      1024,
      1024
    ],
    "model_type": "resnet",
    "kw": {},
    "layers_per_block": 16
  },
  "results": {
    "num_epochs": 100,
    "train_loss": [
      2.068848217725754,
      1.8058621561527253,
      1.6233831882476806,
      1.5576783311367035,
      1.510364476442337,
      1.4676418018341064,
      1.4520523977279662,
      1.4071551847457886,
      1.3933271050453186,
      1.3540114223957063,
      1.3167791223526002,
      1.2883038413524628,
      1.2664726316928863,
      1.2514786684513093,
      1.2062100052833558,
      1.1725222074985504,
      1.164045548439026,
      1.131696007847786,
      1.1046966898441315,
      1.086111319065094,
      1.0651074612140656,
      1.0546538573503494,
      1.0212473905086517,
      1.026640121936798,
      0.994896252155304,
      0.9792869955301284,
      0.9726696461439133,
      0.9528257024288177,
      0.943783375620842,
      0.9282676166296006,
      0.9094818073511124,
      0.9040736466646194,
      0.8847535586357117,
      0.8834539788961411,
      0.8434895426034927,
      0.8525577187538147,
      0.8300729382038117,
      0.8257681465148926,
      0.8046143287420273,
      0.7955025863647461,
      0.7964403200149536,
      0.7762952560186386,
      0.7766322016716003,
      0.766456601023674,
      0.7378559386730195,
      0.7430756258964538,
      0.7307770085334778,
      0.719803802371025,
      0.6984575098752975,
      0.7021901774406433,
      0.6925069338083267,
      0.6839319396018982,
      0.6685439455509186,
      0.6565492659807205,
      0.6420728528499603,
      0.6283240336179733,
      0.6179577839374543,
      0.6325913336873055,
      0.6170183116197586,
      0.5845925471186638,
      0.5981243953108788,
      0.5650829139351845,
      0.568993401825428,
      0.548686797618866,
      0.5518206757307053,
      0.532026050388813,
      0.5363539436459541,
      0.5259416198730469,
      0.5177644363045693,
      0.5145613121986389,
      0.4906278842687607,
      0.48325345367193223,
      0.49336275696754456,
      0.4614343076944351,
      0.4617924106121063,
      0.45919346511363984,
      0.44225374221801755,
      0.4472774565219879,
      0.4308721885085106,
      0.4227660721540451,
      0.40179850041866305,
      0.4128559213876724,
      0.3929302063584328,
      0.39097904846072196,
      0.3793786603212357,
      0.38862373024225233,
      0.3818309140205383,
      0.3786904188990593,
      0.3662141750752926,
      0.34620341554284095,
      0.3418819896876812,
      0.3362065078318119,
      0.33067921236157416,
      0.3276665031909943,
      0.31928716123104095,
      0.31298372626304627,
      0.30746168956160547,
      0.30019753515720365,
      0.3058391310274601,
      0.29617406710982325
    ],
    "train_acc": [
      22.44921875,
      33.5625,
      40.56640625,
      42.9375,
      44.08984375,
      46.609375,
      46.91796875,
      48.69140625,
      48.9375,
      50.56640625,
      51.9609375,
      53.6328125,
      54.3046875,
      54.94140625,
      56.5625,
      57.828125,
      58.06640625,
      59.33984375,
      60.4453125,
      61.2109375,
      61.828125,
      62.26953125,
      63.41796875,
      63.58984375,
      64.6953125,
      65.35546875,
      65.7421875,
      66.203125,
      66.484375,
      66.94921875,
      67.6953125,
      67.79296875,
      68.55078125,
      69.17578125,
      70.390625,
      70.07421875,
      70.55859375,
      71.0625,
      71.859375,
      71.83984375,
      71.60546875,
      72.859375,
      72.59375,
      72.890625,
      74.078125,
      74.13671875,
      74.0703125,
      74.9375,
      75.4765625,
      75.41015625,
      75.85546875,
      75.95703125,
      76.69140625,
      77.05859375,
      77.6953125,
      78.12109375,
      78.37890625,
      77.84375,
      78.32421875,
      79.53515625,
      79.1328125,
      80.12890625,
      80.23828125,
      80.87109375,
      80.79296875,
      81.4609375,
      81.2734375,
      81.65234375,
      82.21484375,
      82.25390625,
      83.1953125,
      83.33984375,
      82.88671875,
      83.95703125,
      83.73828125,
      84.14453125,
      84.71875,
      84.3359375,
      84.96484375,
      85.46875,
      86.22265625,
      85.71875,
      86.234375,
      86.55078125,
      86.6953125,
      86.578125,
      86.8125,
      87.14453125,
      87.2578125,
      88.18359375,
      88.1953125,
      88.51171875,
      88.70703125,
      88.859375,
      89.08984375,
      89.33984375,
      89.59765625,
      89.85546875,
      89.4375,
      89.73046875
    ],
    "test_loss": [
      1.913969349861145,
      1.669129517674446,
      1.561029052734375,
      1.4897323936223983,
      1.4847322821617126,
      1.4227615296840668,
      1.4714923799037933,
      1.4382317334413528,
      1.3760204255580901,
      1.3285822868347168,
      1.2974375128746032,
      1.3284977942705154,
      1.233728277683258,
      1.2291426599025725,
      1.2018601924180985,
      1.1753047943115233,
      1.1864820092916488,
      1.1376366138458252,
      1.124127706885338,
      1.1359966218471527,
      1.1198955923318863,
      1.0746269047260284,
      1.0720554500818253,
      1.0472888797521591,
      1.0970765516161918,
      1.0291466653347014,
      1.0870930552482605,
      1.037571819126606,
      0.9945826932787896,
      1.0405285626649856,
      0.9940535455942154,
      1.0008591175079347,
      1.031477800011635,
      0.9743301376700402,
      0.9627067357301712,
      0.9568931639194489,
      0.9631086140871048,
      0.960639801621437,
      0.9486693575978279,
      0.9587862312793731,
      0.9669669032096863,
      0.9678514301776886,
      0.9734276667237282,
      0.96280767172575,
      0.9659292057156563,
      0.9595523491501808,
      0.9697761103510857,
      0.9611553832888603,
      0.9791544139385223,
      0.986935144662857,
      0.9600338742136956,
      0.9268052861094475,
      0.9383543342351913,
      0.9413016125559807,
      0.9272277876734734,
      0.9702347561717033,
      0.9430805563926696,
      0.9657603934407234,
      1.0054095342755318,
      0.9929040014743805,
      0.9931683510541915,
      1.0461731389164926,
      0.972737817466259,
      0.9790988489985466,
      0.9691489115357399,
      0.9919332936406136,
      1.0142234951257705,
      1.0254756480455398,
      1.0046721711754798,
      1.0304191559553146,
      1.0602668032050133,
      1.0657132759690284,
      1.019954352080822,
      1.0484065130352973,
      1.064127767086029,
      1.0617658525705338,
      1.0593216583132743,
      1.0393053531646728,
      1.1041749209165572,
      1.0585046529769897,
      1.08178963214159,
      1.0773764669895172,
      1.0883797645568847,
      1.0977760344743728,
      1.169617772102356,
      1.1048192113637925,
      1.0962328761816025,
      1.151636329293251,
      1.1277126848697663,
      1.149548600614071,
      1.1457948252558707,
      1.1726946786046029,
      1.1808482259511948,
      1.206044040620327,
      1.1810257002711295,
      1.2169658333063125,
      1.2240816712379456,
      1.250882825255394,
      1.2607941821217536,
      1.2895556718111039
    ],