{
  "config": {
    "run_name": "exp1_2",
    "out_dir": "./results",
    "seed": 1683436465,
    "device": null,
    "bs_train": 256,
    "bs_test": 256,
    "batches": 100,
    "epochs": 100,
    "early_stopping": 5,
    "checkpoints": null,
    "lr": 0.001,
    "reg": 0.007,
    "filters_per_layer": [
      32
    ],
    "pool_every": 3,
    "hidden_dims": [
      2048,
      1024
    ],
    "model_type": "cnn",
    "kw": {},
    "layers_per_block": 4
  },
  "results": {
    "num_epochs": 100,
    "train_loss": [
      2.0823410403728486,
      1.8383618235588073,
      1.7102920198440552,
      1.6304022204875945,
      1.5545277512073516,
      1.4852635300159454,
      1.4337960028648375,
      1.4083913493156432,
      1.3762847137451173,
      1.3542233860492707,
      1.333108503818512,
      1.3235023939609527,
      1.2793788862228395,
      1.2477921593189238,
      1.2363208329677582,
      1.2361220920085907,
      1.2085830926895142,
      1.1700217419862746,
      1.170846482515335,
      1.159131166934967,
      1.1314039194583894,
      1.128405161499977,
      1.1104783290624618,
      1.087015443444252,
      1.086936342716217,
      1.0577739840745926,
      1.0596163767576217,
      1.0310613423585893,
      1.0288623136281967,
      1.0023458874225617,
      0.9991429620981216,
      0.9737153434753418,
      0.9760044795274735,
      0.9588298016786575,
      0.9470742040872574,
      0.9331563937664032,
      0.9167051976919174,
      0.9154952943325043,
      0.9112448918819428,
      0.8878601258993148,
      0.8736119747161866,
      0.8685775077342988,
      0.8621286863088607,
      0.8486154824495316,
      0.8300737124681473,
      0.8306521970033646,
      0.8291885715723037,
      0.8224971055984497,
      0.8073927116394043,
      0.8107577621936798,
      0.7896693801879883,
      0.7881640028953553,
      0.7853674972057343,
      0.77163658618927,
      0.7672061407566071,
      0.7672630882263184,
      0.7518704849481582,
      0.7461188381910324,
      0.7483042055368423,
      0.7354785764217376,
      0.7412275737524032,
      0.7236210763454437,
      0.7170391857624054,
      0.7208677685260773,
      0.7113560611009597,
      0.6991151595115661,
      0.7006869447231293,
      0.6978958010673523,
      0.6877592247724533,
      0.6798545610904694,
      0.6625100859999656,
      0.6786411619186401,
      0.6770733648538589,
      0.6795331293344498,
      0.6653377389907837,
      0.6598419332504273,
      0.6429151529073716,
      0.6316069379448891,
      0.6443183049559593,
      0.633942591547966,
      0.6162084662914276,
      0.6269688472151757,
      0.6135494831204414,
      0.6138800391554833,
      0.6091932308673859,
      0.6169006761908531,
      0.5936988362669945,
      0.5955134049057961,
      0.586785814166069,
      0.5780219030380249,
      0.5752048510313034,
      0.5828599405288696,
      0.5961650040745735,
      0.5626137608289719,
      0.5577482950687408,
      0.562380063533783,
      0.5484291037917137,
      0.5579393786191941,
      0.5470620945096016,
      0.5395674982666969
    ],
    "train_acc": [
      21.69921875,
      31.859375,
      36.57421875,
      39.86328125,
      42.67578125,
      45.484375,
      47.4140625,
      48.546875,
      49.82421875,
      50.75390625,
      51.89453125,
      52.421875,
      53.765625,
      54.796875,
      55.59765625,
      55.4609375,
      56.44140625,
      58.2265625,
      58.30859375,
      58.6015625,
      59.37109375,
      59.78515625,
      60.30078125,
      61.265625,
      60.89453125,
      62.296875,
      62.05078125,
      63.41796875,
      63.3203125,
      64.51953125,
      64.71484375,
      65.6015625,
      65.0703125,
      66.171875,
      66.62890625,
      66.76171875,
      67.33203125,
      67.91796875,
      67.92578125,
      68.48828125,
      69.2890625,
      69.44921875,
      69.3671875,
      70.1640625,
      70.83203125,
      71.03515625,
      70.8203125,
      71.1953125,
      71.66015625,
      71.59375,
      72.41796875,
      72.2578125,
      72.4140625,
      72.875,
      73.09765625,
      73.2890625,
      73.82421875,
      73.81640625,
      73.859375,
      74.3828125,
      74.2421875,
      75.06640625,
      75.19140625,
      74.8359375,
      75.25,
      75.54296875,
      75.38671875,
      75.66796875,
      76.015625,
      76.28515625,
      76.8515625,
      76.046875,
      76.17578125,
      76.32421875,
      76.46484375,
      77.33984375,
      77.2734375,
      78.4375,
      77.74609375,
      77.86328125,
      78.7578125,
      78.23828125,
      78.92578125,
      78.6328125,
      78.859375,
      78.74609375,
      79.5390625,
      79.296875,
      79.6484375,
      80.13671875,
      80.09765625,
      79.890625,
      79.546875,
      80.703125,
      80.7890625,
      80.44921875,
      81.01953125,
      80.59765625,
      81.01953125,
      81.44921875
    ],
    "test_loss": [
      2.033163407444954,
      1.7122265249490738,
      1.6449730306863786,
      1.5881579726934434,
      1.526334148645401,
      1.411175748705864,
      1.4159625142812728,
      1.3711440414190292,
      1.3529046803712845,
      1.3833109259605407,
      1.3086157500743867,
      1.3011049687862397,
      1.2968935906887054,
      1.241128885746002,
      1.221086886525154,
      1.3107948273420333,
      1.2339008927345276,
      1.2194026112556458,
      1.1807169198989869,
      1.2042379140853883,
      1.1958924531936646,
      1.153116700053215,
      1.1846318364143371,
      1.2577674686908722,
      1.1245809197425842,
      1.1244110733270645,
      1.1379392951726914,
      1.0740479350090026,
      1.0975671470165254,
      1.082339595258236,
      1.0534418851137162,
      1.0708406150341034,
      1.0417215764522552,
      1.0557661220431327,
      1.0483372434973717,
      1.043860237300396,
      1.0505722418427468,
      1.026942890882492,
      1.0314904257655144,
      0.9900553435087204,
      1.0030925169587135,
      0.9802002415060997,
      0.9644039079546929,
      0.9603476256132126,
      0.9765956446528434,
      0.9941099345684051,
      0.969384303689003,
      0.9680994033813477,
      0.9845611721277236,
      0.9517053529620171,
      0.9421382650732995,
      0.9307207554578781,
      0.9417051434516907,
      0.9579894915223122,
      0.9525948151946068,
      0.933844792842865,
      0.9311702385544777,
      0.9521561995148659,
      0.9321409910917282,
      1.006465195119381,
      0.934310856461525,
      0.9512369751930236,
      0.9385738745331764,
      0.9606908679008483,
      1.0463246673345565,
      0.9346239745616913,
      0.954283493757248,
      0.9661613553762436,
      0.9444099470973015,
      0.9416394352912902,
      0.9373275205492974,
      0.9390170216560364,
      0.9579598739743233,
      0.981886176764965,
      0.9540663808584213,
      0.9273443892598152,
      1.003111581504345,
      0.9602520823478699,
      0.939047920703888,
      0.942632158100605,
      0.95281652957201,
      0.9619470357894897,
      0.968223424255848,
      0.9565513223409653,
      0.9420562654733657,
      0.966129457950592,
      0.9941605880856514,
      0.9422372654080391,
      0.9735805794596673,
      1.008128634095192,
      0.9508195802569389,
      0.9813980430364608,
      0.943486200273037,
      0.9766828432679177,
      0.9805794179439544,
      0.9788024336099624,
      1.0230212047696114,
      0.991597880423069,
      1.0120846301317215,
      1.0161347061395645
    ],