{
  "config": {
    "run_name": "exp1_2",
    "out_dir": "./results",
    "seed": 1843627000,
    "device": null,
    "bs_train": 256,
    "bs_test": 256,
    "batches": 100,
    "epochs": 100,
    "early_stopping": 5,
    "checkpoints": null,
    "lr": 0.001,
    "reg": 0.007,
    "filters_per_layer": [
      64
    ],
    "pool_every": 3,
    "hidden_dims": [
      2048,
      1024
    ],
    "model_type": "cnn",
    "kw": {},
    "layers_per_block": 2
  },
  "results": {
    "num_epochs": 62,
    "train_loss": [
      2.1581843543052672,
      1.7566371309757232,
      1.617184064388275,
      1.514528249502182,
      1.4557842135429382,
      1.4249559187889098,
      1.3975145244598388,
      1.3628671860694885,
      1.376133873462677,
      1.3398638916015626,
      1.3019727218151091,
      1.2907455682754516,
      1.2687735378742218,
      1.2711531269550322,
      1.2750685513019562,
      1.2559376871585846,
      1.2368683731555938,
      1.2248196578025818,
      1.2114509177207946,
      1.2088517224788666,
      1.1903246855735778,
      1.1877472233772277,
      1.1783051908016204,
      1.1631066358089448,
      1.1482337534427642,
      1.1546842724084854,
      1.1307981324195862,
      1.136484305858612,
      1.125267745256424,
      1.1025060093402863,
      1.1651102328300476,
      1.11651103079319,
      1.1100569915771485,
      1.105099417567253,
      1.089766976237297,
      1.086629787683487,
      1.0661396896839141,
      1.0691786152124405,
      1.0593041050434113,
      1.055472413301468,
      1.0521272397041321,
      1.097071477174759,
      1.054888756275177,
      1.0510898429155349,
      1.03570865213871,
      1.0247141629457475,
      1.0270956909656526,
      1.0276560586690904,
      1.0151235830783845,
      1.0132031202316285,
      1.0099734526872635,
      1.0076134490966797,
      0.9938668251037598,
      0.9890492302179337,
      0.9948583215475082,
      0.9880734890699386,
      0.9836779814958573,
      1.0535944020748138,
      1.0323096251487731,
      1.0366976797580718,
      0.9881351441144943,
      0.9913394558429718
    ],
    "train_acc": [
      19.13671875,
      35.24609375,
      40.5078125,
      44.5390625,
      47.078125,
      48.25,
      49.3203125,
      50.5078125,
      50.078125,
      51.6015625,
      52.828125,
      53.08203125,
      54.046875,
      53.9921875,
      54.58203125,
      54.4140625,
      55.22265625,
      55.8046875,
      56.046875,
      56.54296875,
      57.07421875,
      56.8203125,
      57.74609375,
      58.34375,
      58.73046875,
      58.41796875,
      59.3984375,
      59.12109375,
      59.6328125,
      60.8046875,
      58.68359375,
      59.98828125,
      60.4921875,
      60.6796875,
      61.375,
      61.31640625,
      62.13671875,
      61.73828125,
      62.34765625,
      62.49609375,
      62.6171875,
      60.94140625,
      62.22265625,
      62.875,
      63.13671875,
      63.6875,
      63.296875,
      63.33203125,
      64.33984375,
      63.99609375,
      64.34375,
      64.11328125,
      64.34375,
      64.70703125,
      64.55078125,
      64.65625,
      65.39453125,
      63.421875,
      63.27734375,
      63.16796875,
      64.9296875,
      64.76953125
    ],
    "test_loss": [
      1.8945721507072448,
      1.6195498168468476,
      1.5546774327754975,
      1.4440056174993514,
      1.5444511324167252,
      1.4141782701015473,
      1.4013589322566986,
      1.3759847223758697,
      1.3754245400428773,
      1.3193699359893798,
      1.3037364661693573,
      1.3083050280809403,
      1.2807542949914932,
      1.280606320500374,
      1.3399780690670013,
      1.2555284440517425,
      1.2354517102241516,
      1.2344973385334015,
      1.2303608417510987,
      1.2138362169265746,
      1.2336699843406678,
      1.2279112875461577,
      1.2060641765594482,
      1.19447363615036,
      1.1941054910421371,
      1.1890235781669616,
      1.1799328923225403,
      1.1884562075138092,
      1.2119619309902192,
      1.1862986773252486,
      1.2013516187667848,
      1.1784576594829559,
      1.2042879641056061,
      1.2092333987355233,
      1.167823314666748,
      1.1672297358512878,
      1.14831600189209,
      1.186530476808548,
      1.1563622325658798,
      1.1795483946800231,
      1.1845710441470145,
      1.4274478733539582,
      1.1853595346212387,
      1.137215507030487,
      1.1934039354324342,
      1.1354260623455048,
      1.1836472749710083,
      1.135582959651947,
      1.1662702053785323,
      1.1800400227308274,
      1.1576602578163147,
      1.1570633172988891,
      1.2028523981571198,
      1.1251880317926406,
      1.1462797045707702,
      1.1644974291324615,
      1.1937714099884034,
      1.247205340862274,
      1.1336883306503296,
      1.1651804357767106,
      1.109128324687481,
      1.1333627581596375
    ],
    "test_acc": [
      28.35,
      40.41,
      42.61,
      47.62,
      45.92,
      49.43,
      49.26,
      49.26,
      50.93,
      52.08,
      52.67,
      52.23,
      53.16,
      54.17,
      51.39,
      54.38,
      55.85,
      55.71,
      55.82,
      57.09,
      55.86,
      55.86,
      56.54,
      56.78,
      57.36,
      57.1,
      57.3,
      57.4,
      56.38,
      57.79,
      56.96,
      57.69,
      56.51,
      57.21,
      58.37,
      58.09,
      58.74,
      57.48,
      58.44,
      57.21,
      57.32,
      50.1,
      57.85,
      59.14,
      57.3,
      59.48,
      57.44,
      59.74,
      58.34,
      57.69,
      59.04,
      59.14,
      57.38,
      59.66,
      59.02,
      59.22,
      58.14,
      55.46,
      59.37,
      58.33,
      60.64,
      59.82
    ]
  }
}