{
  "config": {
    "run_name": "exp1_1_L8_K64",
    "out_dir": "./results",
    "seed": 1077300545,
    "device": null,
    "bs_train": 256,
    "bs_test": 256,
    "batches": 100,
    "epochs": 100,
    "early_stopping": 5,
    "checkpoints": null,
    "lr": 0.001,
    "reg": 0.007,
    "filters_per_layer": [
      64
    ],
    "pool_every": 3,
    "hidden_dims": [
      2048,
      1024
    ],
    "model_type": "cnn",
    "kw": {},
    "layers_per_block": 8
  },
  "results": {
    "num_epochs": 15,
    "train_loss": [
      2.3028402805328367,
      2.30261668920517,
      2.3027069330215455,
      2.302598569393158,
      2.3026596665382386,
      2.3026543831825257,
      2.3026120901107787,
      2.3026950478553774,
      2.302637207508087,
      2.302624850273132,
      2.3026411032676695,
      2.302632603645325,
      2.3025869297981263,
      2.3026930260658265,
      2.30263320684433
    ],
    "train_acc": [
      9.76171875,
      10.07421875,
      9.8046875,
      9.81640625,
      10.11328125,
      9.8828125,
      10.03125,
      9.91015625,
      10.19140625,
      10.30078125,
      10.12109375,
      10.10546875,
      10.06640625,
      10.0234375,
      10.0
    ],
    "test_loss": [
      2.3027242481708527,
      2.3026227831840513,
      2.3025645196437834,
      2.3025581538677216,
      2.302570790052414,
      2.302627611160278,
      2.302683526277542,
      2.302675688266754,
      2.3026267170906065,
      2.3026263236999513,
      2.3027002692222593,
      2.3027054190635683,
      2.302671903371811,
      2.3026324272155763,
      2.302567881345749
    ],
    "test_acc": [
      10.0,
      10.0,
      10.0,
      10.0,
      10.0,
      10.0,
      10.0,
      10.0,
      10.0,
      10.0,
      10.0,
      10.0,
      10.0,
      10.0,
      10.0
    ]
  }
}