{
  "config": {
    "run_name": "exp1_4",
    "out_dir": "./results",
    "seed": 117000570,
    "device": null,
    "bs_train": 256,
    "bs_test": 256,
    "batches": 100,
    "epochs": 100,
    "early_stopping": 5,
    "checkpoints": null,
    "lr": 0.0005,
    "reg": 0.007,
    "filters_per_layer": [
      64,
      128,
      256
    ],
    "pool_every": 6,
    "hidden_dims": [
      1024,
      1024
    ],
    "model_type": "resnet",
    "kw": {},
    "layers_per_block": 8
  },
  "results": {
    "num_epochs": 6,
    "train_loss": [
      2.3015206980705263,
      2.3018362593650816,
      2.3027486610412597,
      2.302705171108246,
      2.302585561275482,
      2.302615418434143
    ],
    "train_acc": [
      10.57421875,
      10.1796875,
      9.90625,
      9.734375,
      9.98828125,
      9.98828125
    ],
    "test_loss": [
      2.3009166538715364,
      2.302528315782547,
      2.302529054880142,
      2.302546429634094,
      2.3025272607803347,
      2.3025257110595705
    ],
    "test_acc": [
      10.0,
      10.0,
      10.0,
      10.0,
      10.0,
      10.0
    ]
  }
}