{
  "config": {
    "run_name": "exp1_3",
    "out_dir": "./results",
    "seed": 1905355785,
    "device": null,
    "bs_train": 256,
    "bs_test": 256,
    "batches": 100,
    "epochs": 100,
    "early_stopping": 5,
    "checkpoints": null,
    "lr": 0.001,
    "reg": 0.0012,
    "filters_per_layer": [
      64,
      128
    ],
    "pool_every": 3,
    "hidden_dims": [
      2048,
      1024
    ],
    "model_type": "cnn",
    "kw": {},
    "layers_per_block": 3
  },
  "results": {
    "num_epochs": 67,
    "train_loss": [
      2.107192027568817,
      1.8391470909118652,
      1.670282723903656,
      1.513485072851181,
      1.414531489610672,
      1.349993681907654,
      1.2955016720294952,
      1.2381508004665376,
      1.1505595964193345,
      1.0999007040262223,
      1.0353097492456436,
      0.9725643503665924,
      0.9299438530206681,
      0.8847685980796814,
      0.8340957498550415,
      0.7870373129844666,
      0.7633929121494293,
      0.722886084318161,
      0.6885122925043106,
      0.6660781902074814,
      0.6210843941569328,
      0.6122393628954887,
      0.554126977622509,
      0.5565797448158264,
      0.5125596103072166,
      0.4870159250497818,
      0.4689090618491173,
      0.44234473049640655,
      0.42333770722150804,
      0.4112075355648994,
      0.3835802498459816,
      0.3796711665391922,
      0.35056688338518144,
      0.33870836392045023,
      0.30904836326837537,
      0.30063461616635323,
      0.2818835182487965,
      0.26926616922020913,
      0.2577745634317398,
      0.26311308190226557,
      0.2281704631447792,
      0.22175198167562485,
      0.23304410591721536,
      0.21211152009665965,
      0.20245299331843852,
      0.20666793964803218,
      0.20126019217073918,
      0.18511815145611762,
      0.18317718051373957,
      0.17983349531888962,
      0.18309372507035732,
      0.16049861706793309,
      0.1754914843291044,
      0.16677576616406442,
      0.15738800294697286,
      0.15177355639636517,
      0.1681556462496519,
      0.14826817281544208,
      0.1472644516825676,
      0.15381613664329052,
      0.1397192833572626,
      0.13839035585522652,
      0.14894726768136024,
      0.13796268742531537,
      0.14353610679507256,
      0.14033150125294924,
      0.13741614371538163
    ],
    "train_acc": [
      19.25390625,
      29.8984375,
      37.11328125,
      43.54296875,
      47.46484375,
      50.46484375,
      52.79296875,
      55.26953125,
      58.47265625,
      60.640625,
      63.140625,
      65.50390625,
      67.0390625,
      68.85546875,
      70.44921875,
      72.296875,
      73.29296875,
      74.69140625,
      75.85546875,
      76.5546875,
      78.44140625,
      78.6171875,
      80.64453125,
      80.68359375,
      82.08203125,
      82.76171875,
      83.52734375,
      84.49609375,
      85.5,
      85.62109375,
      86.47265625,
      86.703125,
      87.84375,
      88.421875,
      89.3125,
      89.578125,
      90.33203125,
      90.8125,
      91.07421875,
      90.984375,
      92.09765625,
      92.15625,
      92.015625,
      92.671875,
      92.96484375,
      92.76953125,
      92.92578125,
      93.4375,
      93.7109375,
      93.99609375,
      93.6796875,
      94.421875,
      94.01171875,
      94.140625,
      94.609375,
      94.78515625,
      94.3125,
      94.78125,
      94.9609375,
      94.75,
      95.18359375,
      95.33203125,
      94.8203125,
      95.2109375,
      95.1484375,
      95.2109375,
      95.26953125
    ],
    "test_loss": [
      1.9233349829912185,
      1.7683393836021424,
      1.5804645895957947,
      1.4555135279893876,
      1.3791747093200684,
      1.3402271211147307,
      1.2775486648082732,
      1.2131797552108765,
      1.1877418801188468,
      1.159522746503353,
      1.084523868560791,
      0.9826821029186249,
      0.9708514735102654,
      0.9468117848038673,
      0.9093562155961991,
      0.8671365723013877,
      0.8877037554979325,
      0.8303661063313484,
      0.8511986702680587,
      0.8475343599915505,
      0.8217287048697471,
      0.8335685312747956,
      0.8172862127423286,
      0.7933471247553825,
      0.8284242644906044,
      0.8293130174279213,
      0.840211471915245,
      0.8198542490601539,
      0.8420072749257088,
      0.9004181683063507,
      0.9074129223823547,
      0.9218589559197425,
      0.886005699634552,
      0.910835774242878,
      0.9256407260894776,
      0.9383708521723747,
      0.9401679277420044,
      1.0060806393623352,
      1.0110452428460122,
      1.042862343788147,
      1.0318022653460504,
      1.0278853744268417,
      0.9977676585316658,
      1.0567799240350724,
      1.0848191022872924,
      1.1356785520911217,
      1.1141365632414817,
      1.0574349999427795,
      1.1229713961482048,
      1.0905708387494086,
      1.0901821449398994,
      1.2124069660902024,
      1.0847640097141267,
      1.1270555198192596,
      1.2637296423316002,
      1.2144938096404077,
      1.1597650602459908,
      1.1783546090126038,
      1.237116214632988,
      1.207224279642105,
      1.2407751381397247,
      1.2200965613126755,
      1.1732883885502816,
      1.2441484108567238,
      1.212587471306324,
      1.2129600167274475,
      1.175169464945793
    ],
    "test_acc": [
      27.07,
      32.06,
      39.88,
      45.61,
      48.81,
      50.4,
      53.93,
      56.55,
      57.28,
      58.42,
      60.71,
      65.08,
      65.82,
      66.19,
      68.37,
      69.66,
      69.5,
      70.97,
      70.88,
      70.91,
      72.22,
      71.94,
      71.95,
      73.18,
      72.5,
      73.09,
      72.81,
      73.18,
      72.67,
      73.03,
      72.32,
      71.82,
      73.46,
      72.83,
      73.59,
      72.98,
      73.32,
      72.14,
      72.72,
      71.77,
      72.7,
      72.41,
      72.51,
      72.44,
      72.57,
      72.13,
      71.38,
      73.6,
      72.05,
      73.1,
      72.55,
      71.37,
      72.59,
      72.76,
      71.94,
      70.36,
      72.1,
      72.47,
      73.0,
      71.82,
      73.39,
      72.8,
      73.07,
      71.92,
      71.89,
      72.25,
      72.77
    ]
  }
}