{
  "config": {
    "run_name": "exp1_2_L2_K32",
    "out_dir": "./results",
    "seed": 1459632192,
    "device": null,
    "bs_train": 256,
    "bs_test": 256,
    "batches": 100,
    "epochs": 100,
    "early_stopping": 5,
    "checkpoints": null,
    "lr": 0.001,
    "reg": 0.007,
    "filters_per_layer": [
      32
    ],
    "pool_every": 3,
    "hidden_dims": [
      2048,
      1024
    ],
    "model_type": "cnn",
    "kw": {},
    "layers_per_block": 2
  },
  "results": {
    "num_epochs": 100,
    "train_loss": [
      1.9997034287452697,
      1.6936629486083985,
      1.5987284994125366,
      1.5209876322746276,
      1.4613674473762512,
      1.4228773498535157,
      1.3986171686649322,
      1.3715440905094147,
      1.3453160429000854,
      1.327867064476013,
      1.3024141049385072,
      1.2837773084640502,
      1.2718804466724396,
      1.2528850436210632,
      1.2329295659065247,
      1.2127196657657624,
      1.2117641258239746,
      1.1911091005802155,
      1.1792904114723206,
      1.157565405368805,
      1.1590506953001023,
      1.152105770111084,
      1.1443479764461517,
      1.1359391510486603,
      1.1212063735723496,
      1.11470383644104,
      1.1167467713356019,
      1.107167022228241,
      1.090756945014,
      1.0803781926631928,
      1.0765437293052673,
      1.0735779374837875,
      1.0627788239717484,
      1.0611347156763076,
      1.0835100400447846,
      1.0545382076501846,
      1.0381992501020432,
      1.036322946548462,
      1.0932649463415145,
      1.0326425850391387,
      1.0248857462406158,
      1.0125844556093215,
      1.003983238339424,
      1.003910073041916,
      1.0142925477027893,
      0.9993231904506683,
      0.9893116635084153,
      0.978223847746849,
      0.9745804208517075,
      0.970796263217926,
      0.9737678968906402,
      0.9638340604305268,
      0.9594936883449554,
      0.9499331921339035,
      0.9948587703704834,
      0.9389118361473083,
      0.941927307844162,
      0.9373015302419663,
      0.9258910477161407,
      0.9220781260728836,
      0.9199885851144791,
      0.9152556562423706,
      0.9135165214538574,
      0.9086411064863205,
      0.9033498251438141,
      0.902341787815094,
      0.8897333425283432,
      0.8923529022932053,
      0.8784397095441818,
      0.8836466765403748,
      0.8733408337831498,
      0.8673904216289521,
      0.866424812078476,
      0.9289013594388962,
      0.8817921996116638,
      0.8546653079986573,
      0.8581929320096969,
      0.8524505800008774,
      0.8595173269510269,
      0.8427725636959076,
      0.8368209832906723,
      0.8355787336826325,
      0.8367038905620575,
      0.8344875305891037,
      0.8280037480592728,
      0.829901955127716,
      0.8231623291969299,
      0.8197524321079254,
      0.8146128505468369,
      0.8167103922367096,
      0.8067719882726669,
      0.7972863322496414,
      0.7987770581245422,
      0.8010083836317062,
      0.7957390689849854,
      0.7953932803869247,
      0.8011337327957153,
      0.782411847114563,
      0.7814223009347916,
      0.7827403205633163
    ],
    "train_acc": [
      24.41015625,
      37.76953125,
      41.59375,
      44.4921875,
      46.34765625,
      48.26171875,
      48.65234375,
      50.328125,
      51.09765625,
      51.5,
      52.6015625,
      53.76171875,
      54.046875,
      54.83984375,
      55.51953125,
      56.60546875,
      56.28125,
      57.1640625,
      57.76171875,
      58.484375,
      58.7109375,
      58.453125,
      58.7109375,
      59.2265625,
      59.96484375,
      60.28515625,
      60.01953125,
      60.55859375,
      61.09375,
      61.46484375,
      61.83984375,
      61.71875,
      62.37109375,
      61.94921875,
      61.453125,
      62.3828125,
      62.87890625,
      63.4609375,
      61.58203125,
      63.43359375,
      63.734375,
      64.10546875,
      64.50390625,
      64.125,
      63.98046875,
      64.51953125,
      65.3125,
      65.3125,
      65.4375,
      65.6328125,
      65.640625,
      65.71875,
      66.3046875,
      66.4609375,
      65.125,
      66.69140625,
      66.66796875,
      67.26171875,
      67.28515625,
      67.26171875,
      67.4921875,
      67.46875,
      67.88671875,
      67.9375,
      68.20703125,
      68.109375,
      68.765625,
      68.29296875,
      69.2734375,
      68.828125,
      69.6171875,
      69.859375,
      69.2734375,
      67.6328125,
      68.68359375,
      70.28125,
      70.0234375,
      70.203125,
      70.0859375,
      70.60546875,
      70.6640625,
      70.85546875,
      70.6484375,
      70.8359375,
      71.07421875,
      71.06640625,
      71.359375,
      71.50390625,
      71.57421875,
      71.7421875,
      71.59765625,
      72.07421875,
      72.23828125,
      71.94140625,
      72.04296875,
      72.1484375,
      71.9921875,
      72.546875,
      72.6484375,
      72.65234375
    ],
    "test_loss": [
      1.7691062033176421,
      1.594585084915161,
      1.5157850176095962,
      1.4693515181541443,
      1.4640296429395676,
      1.3955039829015732,
      1.3962088763713836,
      1.3331553250551225,
      1.3238042145967484,
      1.316580680012703,
      1.329280933737755,
      1.282309040427208,
      1.3151271522045136,
      1.2890372395515441,
      1.2591194927692413,
      1.2273844689130784,
      1.2336902499198914,
      1.2228183716535568,
      1.2350141942501067,
      1.222423079609871,
      1.2314618229866028,
      1.206904935836792,
      1.1948482751846314,
      1.2192627280950545,
      1.1632452726364135,
      1.1805031448602676,
      1.1620651006698608,
      1.1603148311376572,
      1.1559274658560752,
      1.1788976281881332,
      1.1639834761619567,
      1.1533930867910385,
      1.1699068933725356,
      1.1517175316810608,
      1.1497531294822694,
      1.1572853326797485,
      1.1399213820695877,
      1.1546934232115746,
      1.1701873809099197,
      1.1567826092243194,
      1.1327671617269517,
      1.1591926276683808,
      1.1331517592072486,
      1.1427187412977218,
      1.1502605229616165,
      1.1320315986871718,
      1.1202548772096634,
      1.1433532327413558,
      1.1270796805620193,
      1.1675345450639725,
      1.1235551252961158,
      1.1502124175429345,
      1.109867200255394,
      1.1158082813024521,
      1.110780084133148,
      1.1303161680698395,
      1.1001807183027268,
      1.1056808590888978,
      1.1388233035802842,
      1.107555055618286,
      1.0956915989518166,
      1.1081652447581292,
      1.093629738688469,
      1.1166972100734711,
      1.1380660891532899,
      1.0910619467496872,
      1.094124899804592,
      1.1060742124915124,
      1.1438406467437745,
      1.098648338019848,
      1.1127048328518867,
      1.075388865172863,
      1.1175290778279305,
      1.123446559906006,
      1.115250179171562,
      1.1146516621112823,
      1.1341658592224122,
      1.0812455013394355,
      1.1022072270512582,
      1.0712638393044471,
      1.109757050871849,
      1.100504393875599,
      1.0952571734786034,
      1.0981286987662315,
      1.0786814570426941,
      1.096883973479271,
      1.1010022327303886,
      1.0788185939192771,
      1.1036452054977417,
      1.1614626675844193,
      1.1029234185814858,
      1.1172704979777337,
      1.087034210562706,
      1.0910586699843408,
      1.11150504052639,
      1.1117504760622978,
      1.0755979388952255,
      1.0875366613268853,
      1.1046297028660774,
      1.0942337423563004
    ],