{
  "config": {
    "run_name": "exp1_3",
    "out_dir": "./results",
    "seed": 843768969,
    "device": null,
    "bs_train": 256,
    "bs_test": 256,
    "batches": 100,
    "epochs": 100,
    "early_stopping": 5,
    "checkpoints": null,
    "lr": 0.001,
    "reg": 0.0012,
    "filters_per_layer": [
      64,
      128
    ],
    "pool_every": 3,
    "hidden_dims": [
      2048,
      1024
    ],
    "model_type": "cnn",
    "kw": {},
    "layers_per_block": 2
  },
  "results": {
    "num_epochs": 61,
    "train_loss": [
      2.118807909488678,
      1.7415988099575044,
      1.5156399869918824,
      1.382569363117218,
      1.3171783196926117,
      1.2300282764434813,
      1.1827946269512177,
      1.1061997067928315,
      1.0324651151895523,
      0.9893228405714035,
      0.9462509381771088,
      0.8965957826375961,
      0.8327138352394104,
      0.8086860519647598,
      0.7558706313371658,
      0.7149641340970994,
      0.6811408406496048,
      0.6372359421849251,
      0.6246562334895134,
      0.5747804337739945,
      0.5339635160565376,
      0.49319947957992555,
      0.4560967203974724,
      0.43705367535352707,
      0.41224930495023726,
      0.38320465534925463,
      0.35656943947076797,
      0.3348934581875801,
      0.31390261858701707,
      0.2975770904123783,
      0.28833055794239043,
      0.25411813616752627,
      0.2503145301342011,
      0.2524527569115162,
      0.2255817547440529,
      0.2050906740128994,
      0.19271722219884396,
      0.20150283448398112,
      0.19817023143172263,
      0.2013250806927681,
      0.16718310423195362,
      0.16771368108689785,
      0.17639373801648617,
      0.16238817788660526,
      0.17858817771077157,
      0.15079961460083724,
      0.14987355217337608,
      0.16202269345521927,
      0.14818458981812,
      0.14300988212227822,
      0.1353377489745617,
      0.13729134038090707,
      0.22462436098605396,
      0.14912149451673032,
      0.1206565054319799,
      0.11774781852960586,
      0.1378042273968458,
      0.12161552742123603,
      0.13085164465010166,
      0.12376137800514699,
      0.12551328502595424
    ],
    "train_acc": [
      20.3828125,
      36.5078125,
      44.2265625,
      48.87890625,
      52.2734375,
      55.359375,
      57.4921875,
      60.2109375,
      63.0390625,
      64.98828125,
      66.65234375,
      68.0703125,
      70.8203125,
      71.7265625,
      73.25390625,
      75.078125,
      76.171875,
      78.0703125,
      78.2265625,
      80.0546875,
      81.27734375,
      83.015625,
      84.34765625,
      84.83203125,
      85.91796875,
      86.7734375,
      87.8125,
      88.53125,
      89.30859375,
      89.91015625,
      90.1953125,
      91.1875,
      91.41796875,
      91.6484375,
      92.3828125,
      92.890625,
      93.44140625,
      93.1640625,
      93.453125,
      93.125,
      94.28125,
      94.1875,
      94.11328125,
      94.36328125,
      93.953125,
      95.0234375,
      95.01171875,
      94.59375,
      94.85546875,
      95.1484375,
      95.49609375,
      95.35546875,
      92.7421875,
      94.9609375,
      96.00390625,
      96.0625,
      95.3359375,
      95.90234375,
      95.5625,
      95.8515625,
      95.76171875
    ],
    "test_loss": [
      1.9151338726282119,
      1.5843266159296037,
      1.4309959441423417,
      1.322965320944786,
      1.2514735013246536,
      1.1997662782669067,
      1.2281571358442307,
      1.1352858379483224,
      1.1203368037939072,
      1.0367949962615968,
      1.0366419866681098,
      0.994041097164154,
      0.9507389008998871,
      0.9463417142629623,
      0.9062717527151107,
      0.936125960946083,
      0.9154963582754135,
      0.9133497610688209,
      0.8971516206860543,
      0.9125007703900337,
      0.9498299330472946,
      0.9240802332758904,
      0.9566490650177002,
      0.9836598232388496,
      1.0021865978837012,
      1.0302033603191376,
      1.1161738485097885,
      1.0928193852305412,
      1.0575453042984009,
      1.1117684528231622,
      1.1210129246115685,
      1.2163688868284226,
      1.229285329580307,
      1.1904079154133798,
      1.2373201623558998,
      1.2692209720611571,
      1.2344525843858718,
      1.3737085193395615,
      1.2546888053417207,
      1.3548408299684525,
      1.3262042358517647,
      1.362943384051323,
      1.3194180846214294,
      1.3910451829433441,
      1.3348016887903214,
      1.3579367220401763,
      1.3267754018306732,
      1.4657210826873779,
      1.449971106648445,
      1.421325033903122,
      1.5728716552257538,
      1.5197008162736894,
      1.314458255469799,
      1.4607344090938568,
      1.491740158200264,
      1.511532908678055,
      1.4566725254058839,
      1.585726398229599,
      1.503784453868866,
      1.5113727867603302,
      1.4845103323459625
    ],
    "test_acc": [
      28.67,
      41.75,
      46.76,
      50.9,
      54.31,
      56.55,
      55.97,
      59.27,
      60.44,
      62.87,
      63.56,
      64.77,
      66.46,
      66.85,
      68.39,
      68.05,
      68.01,
      68.84,
      69.06,
      69.32,
      68.9,
      70.45,
      69.07,
      69.16,
      68.53,
      68.97,
      68.76,
      68.92,
      68.78,
      69.25,
      68.29,
      68.24,
      66.76,
      68.83,
      68.73,
      68.63,
      68.88,
      67.74,
      69.27,
      68.34,
      67.59,
      68.54,
      68.6,
      68.74,
      68.82,
      68.15,
      67.72,
      68.31,
      67.32,
      67.64,
      67.48,
      67.29,
      67.58,
      68.21,
      66.87,
      67.49,
      67.44,
      66.94,
      67.27,
      67.82,
      68.08
    ]
  }
}