{
  "config": {
    "run_name": "exp1_2",
    "out_dir": "./results",
    "seed": 1190744811,
    "device": null,
    "bs_train": 256,
    "bs_test": 256,
    "batches": 100,
    "epochs": 100,
    "early_stopping": 5,
    "checkpoints": null,
    "lr": 0.001,
    "reg": 0.007,
    "filters_per_layer": [
      32
    ],
    "pool_every": 3,
    "hidden_dims": [
      2048,
      1024
    ],
    "model_type": "cnn",
    "kw": {},
    "layers_per_block": 8
  },
  "results": {
    "num_epochs": 7,
    "train_loss": [
      2.3028748130798338,
      2.302644112110138,
      2.302671563625336,
      2.3026728439331055,
      2.3026188802719116,
      2.3026559495925905,
      2.302679102420807
    ],
    "train_acc": [
      9.79296875,
      10.140625,
      9.71484375,
      9.71484375,
      9.875,
      9.95703125,
      9.93359375
    ],
    "test_loss": [
      2.302670192718506,
      2.302598607540131,
      2.3025632381439207,
      2.3026234209537506,
      2.3026246607303618,
      2.3026593685150147,
      2.3026149690151216
    ],
    "test_acc": [
      10.0,
      10.0,
      10.0,
      10.0,
      10.0,
      10.0,
      10.0
    ]
  }
}