{
  "config": {
    "run_name": "exp1_3",
    "out_dir": "./results",
    "seed": 17117060,
    "device": null,
    "bs_train": 256,
    "bs_test": 256,
    "batches": 100,
    "epochs": 100,
    "early_stopping": 5,
    "checkpoints": null,
    "lr": 0.001,
    "reg": 0.0012,
    "filters_per_layer": [
      64,
      128
    ],
    "pool_every": 3,
    "hidden_dims": [
      2048,
      1024
    ],
    "model_type": "cnn",
    "kw": {},
    "layers_per_block": 4
  },
  "results": {
    "num_epochs": 6,
    "train_loss": [
      2.302862887382507,
      2.3027659940719603,
      2.3026548743247988,
      2.3026735854148863,
      2.3026951861381533,
      2.3026297378540037
    ],
    "train_acc": [
      10.16015625,
      9.71875,
      9.83203125,
      9.98828125,
      10.06640625,
      10.109375
    ],
    "test_loss": [
      2.302680563926697,
      2.3027274131774904,
      2.3026302218437196,
      2.3027296125888825,
      2.302619308233261,
      2.3026856660842894
    ],
    "test_acc": [
      10.0,
      10.0,
      10.0,
      10.0,
      10.0,
      10.0
    ]
  }
}