{
  "config": {
    "run_name": "exp1_4",
    "out_dir": "./results",
    "seed": 675141562,
    "device": null,
    "bs_train": 256,
    "bs_test": 256,
    "batches": 100,
    "epochs": 100,
    "early_stopping": 5,
    "checkpoints": null,
    "lr": 0.0005,
    "reg": 0.007,
    "filters_per_layer": [
      32
    ],
    "pool_every": 5,
    "hidden_dims": [
      1024,
      1024
    ],
    "model_type": "resnet",
    "kw": {},
    "layers_per_block": 8
  },
  "results": {
    "num_epochs": 100,
    "train_loss": [
      1.9306632101535797,
      1.6159261822700501,
      1.5226162731647492,
      1.4746379518508912,
      1.4292391753196716,
      1.3976252830028535,
      1.3777729618549346,
      1.3362841415405273,
      1.298030436038971,
      1.2781911015510559,
      1.248901846408844,
      1.2045304942131043,
      1.1881028425693512,
      1.1656037539243698,
      1.1258364182710647,
      1.0923791962862015,
      1.0701819747686385,
      1.0579461008310318,
      1.0266965347528458,
      1.0089945775270461,
      0.9796402829885483,
      0.9604319220781327,
      0.9375508534908295,
      0.9309690880775452,
      0.919861204624176,
      0.8835430479049683,
      0.8794783926010132,
      0.8764202439785004,
      0.8423763161897659,
      0.8234637260437012,
      0.8134610414505005,
      0.8031989139318466,
      0.8024046462774277,
      0.7874398303031921,
      0.7727642393112183,
      0.7599553686380386,
      0.7323875123262406,
      0.7246317845582962,
      0.7305411797761917,
      0.7035269671678543,
      0.7036109983921051,
      0.6794279199838639,
      0.6713289779424667,
      0.6512056648731231,
      0.6469146689772606,
      0.6315665200352669,
      0.6188230663537979,
      0.6093939369916916,
      0.5960752317309379,
      0.58952427983284,
      0.5703700461983681,
      0.5758062228560448,
      0.5473612964153289,
      0.549803583920002,
      0.5400710558891296,
      0.5274837952852249,
      0.5068981602787972,
      0.5128736978769303,
      0.48776677399873736,
      0.4715057680010796,
      0.4728738948702812,
      0.4628410869836807,
      0.4338114583492279,
      0.4290979006886482,
      0.4238795894384384,
      0.40979513913393023,
      0.4030612602829933,
      0.4057671159505844,
      0.40936274975538256,
      0.37831480622291563,
      0.37008000165224075,
      0.3477060551941395,
      0.3468289735913277,
      0.3418944154679775,
      0.33606754943728445,
      0.3374813510477543,
      0.3338536277413368,
      0.3258794598281384,
      0.31008130371570586,
      0.3023518599569798,
      0.29565084412693976,
      0.2949392414093018,
      0.297477483600378,
      0.27645289942622187,
      0.27427517890930175,
      0.28936934798955916,
      0.27756070882081985,
      0.2606775709986687,
      0.25790604293346403,
      0.27607212245464324,
      0.25694362178444863,
      0.25135851204395293,
      0.24441158205270766,
      0.23925155140459536,
      0.24485305145382882,
      0.23680780127644538,
      0.23296016767621042,
      0.23382698252797127,
      0.22350973770022392,
      0.2264661905169487
    ],
    "train_acc": [
      29.2109375,
      41.015625,
      44.58203125,
      46.15625,
      47.9609375,
      49.265625,
      50.3046875,
      51.96875,
      52.9921875,
      53.84375,
      54.76953125,
      56.51171875,
      57.0,
      57.859375,
      59.84765625,
      61.12109375,
      61.9375,
      61.84375,
      63.546875,
      63.79296875,
      64.96875,
      65.5,
      66.5703125,
      67.11328125,
      67.77734375,
      68.87109375,
      69.125,
      69.16796875,
      70.4375,
      70.88671875,
      71.0234375,
      71.58203125,
      71.64453125,
      72.2578125,
      72.91796875,
      73.359375,
      74.296875,
      74.45703125,
      74.44140625,
      75.51953125,
      75.1484375,
      76.18359375,
      76.55859375,
      77.06640625,
      77.42578125,
      78.0078125,
      78.2109375,
      78.7890625,
      79.16796875,
      79.5234375,
      80.30078125,
      79.69140625,
      81.140625,
      81.078125,
      81.47265625,
      81.46484375,
      82.578125,
      82.265625,
      83.1875,
      83.60546875,
      83.609375,
      84.10546875,
      85.296875,
      85.4375,
      85.515625,
      86.13671875,
      86.34765625,
      86.2265625,
      86.0,
      87.234375,
      87.55078125,
      88.1875,
      88.29296875,
      88.3984375,
      88.32421875,
      88.52734375,
      88.72265625,
      88.921875,
      89.66015625,
      89.7890625,
      90.2890625,
      90.10546875,
      89.8359375,
      90.734375,
      90.91796875,
      90.16015625,
      90.42578125,
      91.23046875,
      91.41015625,
      90.5859375,
      91.26953125,
      91.6328125,
      91.890625,
      91.92578125,
      91.89453125,
      92.03125,
      92.29296875,
      92.1796875,
      92.6015625,
      92.56640625
    ],
    "test_loss": [
      1.7318267107009888,
      1.5105699092149734,
      1.5269277811050415,
      1.4496938943862916,
      1.3981169193983078,
      1.4378187596797942,
      1.3369739174842834,
      1.3078527599573135,
      1.2752676963806153,
      1.3121243864297867,
      1.278055304288864,
      1.1961851328611375,
      1.1851626366376877,
      1.1619786411523818,
      1.129644912481308,
      1.1148564651608468,
      1.0916636273264886,
      1.0973121255636216,
      1.1456951454281807,
      1.101950503885746,
      1.0384697511792182,
      1.0503421261906625,
      1.0127193942666053,
      0.997471795976162,
      1.0423321098089218,
      0.9993447497487068,
      0.9633735835552215,
      1.009249970316887,
      0.961338184773922,
      0.9617114558815956,
      0.9345491826534271,
      0.94484441280365,
      0.977137216925621,
      0.9511884689331055,
      0.9185416340827942,
      0.9732807666063309,
      0.9458501979708671,
      0.9387237310409546,
      0.9215418443083763,
      0.9420868843793869,
      0.9208975985646248,
      0.9760333925485611,
      0.9276132628321647,
      0.9262918949127197,
      0.9161097034811974,
      0.9338832050561905,
      0.9802031949162483,
      0.9577006474137306,
      0.9857488855719566,
      0.9249400243163108,
      1.0302861735224724,
      0.9868889018893242,
      0.9675747320055962,
      0.9548805177211761,
      1.0215764403343202,
      0.9447763442993165,
      0.9648510247468949,
      1.016953633725643,
      1.0237239211797715,
      0.9897343218326569,
      1.0190517917275428,
      1.0553905174136162,
      1.0510667756199836,
      1.043764291703701,
      1.05022032558918,
      1.0355788856744765,
      1.109603503346443,
      1.0784914627671243,
      1.0777573689818383,
      1.0867815658450126,
      1.094049446284771,
      1.110154742002487,
      1.1445206105709076,
      1.115617498755455,
      1.1397552698850633,
      1.1514508321881294,
      1.2432907164096831,
      1.1862985417246819,
      1.1697713628411293,
      1.1711624547839166,
      1.2029818534851073,
      1.2297360807657243,
      1.1773215338587761,
      1.1952349275350571,
      1.2338491290807725,
      1.2499972879886627,
      1.2918453216552734,
      1.268286979198456,
      1.2196238562464714,
      1.2129233986139298,
      1.2871624186635018,
      1.3213231325149537,
      1.3216641813516616,
      1.280302608013153,
      1.3058237552642822,
      1.302747705578804,
      1.26978028267622,
      1.2805914849042892,
      1.3870094567537308,
      1.3363125026226044
    ],