{
  "config": {
    "run_name": "exp1_4",
    "out_dir": "./results",
    "seed": 538661798,
    "device": null,
    "bs_train": 256,
    "bs_test": 256,
    "batches": 100,
    "epochs": 100,
    "early_stopping": 5,
    "checkpoints": null,
    "lr": 0.0005,
    "reg": 0.007,
    "filters_per_layer": [
      32
    ],
    "pool_every": 6,
    "hidden_dims": [
      1024,
      1024
    ],
    "model_type": "resnet",
    "kw": {},
    "layers_per_block": 8
  },
  "results": {
    "num_epochs": 100,
    "train_loss": [
      1.9453485321998596,
      1.6695947051048279,
      1.5738804125785828,
      1.4896871078014373,
      1.4454820907115937,
      1.3939539790153503,
      1.3479444622993468,
      1.3191618132591247,
      1.292601970434189,
      1.260522302389145,
      1.244454925060272,
      1.2270594000816346,
      1.2012069511413574,
      1.19377627491951,
      1.163318725824356,
      1.162855976819992,
      1.1477140748500825,
      1.1350158232450485,
      1.1148338621854783,
      1.1059377455711366,
      1.0987221091985702,
      1.0845693320035934,
      1.0594358921051026,
      1.0658056402206422,
      1.0298610603809357,
      1.0440581166744232,
      1.0202340936660768,
      1.0052779996395111,
      1.004266301393509,
      0.9973305636644363,
      0.9756330853700638,
      0.9803656327724457,
      0.956706577539444,
      0.9399282795190811,
      0.9351355975866318,
      0.9325422894954681,
      0.9171912741661071,
      0.921378402709961,
      0.8968672668933868,
      0.8752067691087723,
      0.8653025293350219,
      0.8509514874219894,
      0.8625042694807052,
      0.8538803392648697,
      0.8319257754087448,
      0.8409108155965805,
      0.8220459878444671,
      0.8139109861850738,
      0.7988229602575302,
      0.7852985513210297,
      0.7916426396369934,
      0.7634870743751526,
      0.7676121127605439,
      0.7535572689771652,
      0.7549991649389267,
      0.7372009319067001,
      0.7367201924324036,
      0.7239790171384811,
      0.7065251815319061,
      0.7086720734834671,
      0.702198361158371,
      0.6885824936628342,
      0.6749144470691681,
      0.6678030878305435,
      0.6564720851182938,
      0.6655408257246017,
      0.6389490067958832,
      0.6322030359506607,
      0.6285594892501831,
      0.6307153365015984,
      0.6018114292621612,
      0.6073212081193924,
      0.5887257477641106,
      0.5808986774086953,
      0.5749393475055694,
      0.5650414437055588,
      0.5621352902054787,
      0.531913760304451,
      0.5340594950318337,
      0.5312079656124115,
      0.5268856701254845,
      0.503743485212326,
      0.4992866364121437,
      0.49629155099391936,
      0.48319359600543976,
      0.4699229070544243,
      0.47186392188072207,
      0.4511525923013687,
      0.4512650206685066,
      0.4249751889705658,
      0.41703495144844055,
      0.42179754421114923,
      0.4210402911901474,
      0.4069702643156052,
      0.40287658825516703,
      0.38791255325078966,
      0.3812116420269012,
      0.36703447371721265,
      0.3553313049674034,
      0.3485497669875622
    ],
    "train_acc": [
      28.7578125,
      39.4375,
      42.796875,
      45.546875,
      47.49609375,
      49.21484375,
      51.0625,
      52.44140625,
      53.3203125,
      54.5078125,
      55.265625,
      55.91015625,
      56.5703125,
      57.23828125,
      58.57421875,
      58.6640625,
      58.75,
      59.3515625,
      60.40234375,
      60.1875,
      60.94140625,
      61.39453125,
      62.7265625,
      62.2734375,
      63.77734375,
      62.984375,
      64.0078125,
      64.1953125,
      64.30859375,
      64.78515625,
      65.390625,
      65.32421875,
      66.578125,
      66.671875,
      67.265625,
      66.99609375,
      67.98828125,
      67.7265625,
      68.59765625,
      70.0,
      69.5859375,
      69.83203125,
      69.859375,
      69.984375,
      70.6640625,
      70.7734375,
      70.96875,
      71.5625,
      72.26171875,
      72.203125,
      72.3359375,
      73.26171875,
      72.94140625,
      73.7109375,
      73.5078125,
      74.24609375,
      73.91796875,
      74.76171875,
      75.28125,
      75.20703125,
      75.3046875,
      75.91796875,
      76.09765625,
      76.7890625,
      76.9765625,
      76.90625,
      77.6875,
      77.9140625,
      77.8984375,
      78.46875,
      79.07421875,
      79.03125,
      79.5078125,
      79.7265625,
      80.0234375,
      80.46484375,
      80.20703125,
      81.34375,
      81.70703125,
      81.59375,
      81.65234375,
      82.6640625,
      82.7578125,
      82.75,
      83.4453125,
      83.578125,
      83.7421875,
      84.60546875,
      84.2578125,
      85.375,
      85.23828125,
      85.609375,
      85.625,
      86.1640625,
      86.3125,
      86.9765625,
      87.140625,
      87.484375,
      87.9140625,
      88.2109375
    ],
    "test_loss": [
      1.730569675564766,
      1.5590736389160156,
      1.552156150341034,
      1.4932734817266464,
      1.4134096562862397,
      1.3340821087360382,
      1.3727595627307891,
      1.3209588825702667,
      1.2498088359832764,
      1.2484695672988892,
      1.2366371244192123,
      1.2770222693681716,
      1.214342588186264,
      1.1944975286722184,
      1.1719656109809875,
      1.1843994289636612,
      1.1516676247119904,
      1.150754028558731,
      1.1327083945274352,
      1.1445438742637635,
      1.1189467310905457,
      1.1188383102416992,
      1.136684039235115,
      1.1162101358175278,
      1.1368822485208512,
      1.1000556603074074,
      1.067235742509365,
      1.106632062792778,
      1.1493278563022613,
      1.0870785877108573,
      1.1067808836698532,
      1.0701013281941414,
      1.0391224697232246,
      1.0268140986561776,
      1.0492763623595238,
      1.0277867674827577,
      1.0196140453219413,
      1.030747540295124,
      1.0127356722950935,
      1.0739414617419243,
      0.9962491646409035,
      0.97595644146204,
      0.9882615759968758,
      1.010323242843151,
      0.9664672330021858,
      0.9695281028747559,
      0.9943661391735077,
      0.9565857350826263,
      0.9567289054393768,
      0.9722928643226624,
      0.9922598257660866,
      0.9858845055103302,
      0.9729165941476822,
      1.0613334119319915,
      0.9812787175178528,
      0.9814091935753823,
      0.9687969565391541,
      0.9937325790524483,
      0.9498796790838242,
      1.0009744957089424,
      0.9812894731760025,
      0.9792573988437653,
      0.9579464018344879,
      0.9836425766348839,
      1.001022782921791,
      1.0000135719776153,
      1.0184494957327843,
      1.017295540869236,
      0.9766565188765526,
      1.000327979028225,
      0.997661454975605,
      1.0144255369901658,
      1.0158929601311684,
      1.0567900329828261,
      1.0037692338228226,
      1.0264645308256148,
      1.0179339602589608,
      1.0142429336905479,
      1.0469101771712304,
      1.0645248934626579,
      1.0756813272833825,
      1.0436197727918626,
      1.059935750067234,
      1.061855709552765,
      1.0840703412890433,
      1.091166505217552,
      1.0877486661076545,
      1.119344662129879,
      1.121050387620926,
      1.1133248865604402,
      1.173558522760868,
      1.144215840101242,
      1.1540273815393447,
      1.1501452028751373,
      1.1513478726148605,
      1.1780679941177368,
      1.211990863084793,
      1.233686636388302,
      1.2105948358774186,
      1.2595432087779046
    ],