{
  "config": {
    "run_name": "exp1_2",
    "out_dir": "./results",
    "seed": 1974756138,
    "device": null,
    "bs_train": 256,
    "bs_test": 256,
    "batches": 100,
    "epochs": 100,
    "early_stopping": 5,
    "checkpoints": null,
    "lr": 0.001,
    "reg": 0.007,
    "filters_per_layer": [
      64
    ],
    "pool_every": 3,
    "hidden_dims": [
      2048,
      1024
    ],
    "model_type": "cnn",
    "kw": {},
    "layers_per_block": 8
  },
  "results": {
    "num_epochs": 12,
    "train_loss": [
      2.302743787765503,
      2.302659034729004,
      2.3026033425331116,
      2.3026845145225523,
      2.3026027250289918,
      2.3026500296592713,
      2.302554669380188,
      2.302677614688873,
      2.3026482963562014,
      2.302669816017151,
      2.3026347732543946,
      2.3026109027862547
    ],
    "train_acc": [
      9.85546875,
      9.73046875,
      10.01953125,
      9.80078125,
      10.07421875,
      9.92578125,
      10.10546875,
      10.03125,
      9.671875,
      9.6796875,
      9.8828125,
      10.1015625
    ],
    "test_loss": [
      2.3025979101657867,
      2.30254225730896,
      2.3025579869747164,
      2.3025685429573057,
      2.30258629322052,
      2.3026218712329865,
      2.3026729583740235,
      2.302609086036682,
      2.3026678025722505,
      2.302578216791153,
      2.3026066601276396,
      2.3026666939258575
    ],
    "test_acc": [
      10.0,
      10.0,
      10.0,
      10.0,
      10.0,
      10.0,
      10.0,
      10.0,
      10.0,
      10.0,
      10.0,
      10.0
    ]
  }
}