{
  "config": {
    "run_name": "exp1_4",
    "out_dir": "./results",
    "seed": 1011210366,
    "device": null,
    "bs_train": 256,
    "bs_test": 256,
    "batches": 100,
    "epochs": 100,
    "early_stopping": 5,
    "checkpoints": null,
    "lr": 0.0005,
    "reg": 0.007,
    "filters_per_layer": [
      64,
      128,
      256
    ],
    "pool_every": 5,
    "hidden_dims": [
      1024,
      1024
    ],
    "model_type": "resnet",
    "kw": {},
    "layers_per_block": 4
  },
  "results": {
    "num_epochs": 92,
    "train_loss": [
      2.011500073671341,
      1.7321276152133942,
      1.5771084523200989,
      1.4831689524650573,
      1.4371981632709503,
      1.4045547211170197,
      1.3685362887382508,
      1.321392080783844,
      1.3133712601661682,
      1.2817319810390473,
      1.2835031485557555,
      1.248201779127121,
      1.2242358458042144,
      1.206272279024124,
      1.1926067161560059,
      1.1642897474765777,
      1.1582096385955811,
      1.1320446294546127,
      1.1099646311998368,
      1.098634775876999,
      1.0807067203521727,
      1.0558753591775893,
      1.0526381301879884,
      1.032373839020729,
      1.0038978672027588,
      0.9864073169231414,
      0.9654226607084274,
      0.9527378278970718,
      0.9396443074941635,
      0.9370159107446671,
      0.9201150703430175,
      0.8996416097879409,
      0.9020486706495285,
      0.8924008059501648,
      0.8581085109710693,
      0.84724052131176,
      0.847583030462265,
      0.843764876127243,
      0.8142220622301102,
      0.8203974342346192,
      0.7969721227884292,
      0.801833421587944,
      0.7810501623153686,
      0.7887390029430389,
      0.7679977005720139,
      0.7620230954885483,
      0.7610481268167496,
      0.7367557793855667,
      0.7424976789951324,
      0.7472933721542359,
      0.7297425782680511,
      0.7092204707860946,
      0.712425639629364,
      0.6916182398796081,
      0.6830994820594788,
      0.6800112980604172,
      0.6708085638284683,
      0.6549019551277161,
      0.6481804031133652,
      0.6518853706121445,
      0.6278526845574379,
      0.6184009227156639,
      0.6127699333429336,
      0.6062389847636223,
      0.5945810094475746,
      0.5926623418927193,
      0.5772647526860237,
      0.551534658074379,
      0.5580709931254387,
      0.534836291372776,
      0.5258977490663529,
      0.5374029952287674,
      0.5113347870111465,
      0.4979272872209549,
      0.48423465609550476,
      0.4802666389942169,
      0.46038529485464097,
      0.45558571070432663,
      0.4538871067762375,
      0.442851215004921,
      0.4025413379073143,
      0.40517136245965957,
      0.4098925921320915,
      0.3813334614038467,
      0.3771459828317165,
      0.3736265867948532,
      0.3645756450295448,
      0.9052402475476264,
      0.597716043293476,
      0.49165555715560916,
      0.4463993176817894,
      0.41876348286867143
    ],
    "train_acc": [
      24.09375,
      36.75,
      42.16015625,
      45.2734375,
      47.23828125,
      48.23046875,
      49.6640625,
      51.62890625,
      52.2265625,
      53.15234375,
      53.59375,
      55.01953125,
      55.68359375,
      56.1875,
      57.18359375,
      57.9765625,
      58.55078125,
      58.984375,
      60.21875,
      60.6484375,
      61.15234375,
      62.36328125,
      62.328125,
      63.23828125,
      63.828125,
      65.01953125,
      65.6328125,
      66.1484375,
      66.67578125,
      66.78125,
      67.296875,
      68.140625,
      67.84765625,
      68.72265625,
      69.81640625,
      70.2578125,
      69.86328125,
      70.265625,
      71.30078125,
      70.90234375,
      71.8515625,
      71.86328125,
      72.7109375,
      72.16015625,
      73.390625,
      73.1328125,
      73.515625,
      74.3125,
      74.05859375,
      73.8671875,
      74.76953125,
      75.375,
      75.08203125,
      75.65234375,
      75.8671875,
      76.265625,
      76.61328125,
      77.05859375,
      77.42578125,
      77.22265625,
      78.15234375,
      78.86328125,
      78.54296875,
      78.81640625,
      79.15625,
      79.48828125,
      79.81640625,
      80.85546875,
      80.76171875,
      81.40234375,
      81.90234375,
      81.65234375,
      81.984375,
      82.76953125,
      83.21875,
      83.35546875,
      84.23046875,
      84.27734375,
      84.4609375,
      84.546875,
      86.125,
      86.11328125,
      85.8828125,
      87.03125,
      86.9296875,
      87.359375,
      87.68359375,
      70.67578125,
      79.21875,
      82.921875,
      84.59375,
      85.6953125
    ],
    "test_loss": [
      1.8089733630418778,
      1.6096381932497024,
      1.4809704184532166,
      1.412469807267189,
      1.3730913341045379,
      1.3834307730197906,
      1.3630914241075516,
      1.30700264275074,
      1.2972846001386642,
      1.2423908472061158,
      1.2645322680473328,
      1.2108655005693436,
      1.218094363808632,
      1.2426806479692458,
      1.2273718386888504,
      1.1568634629249572,
      1.1727885752916336,
      1.1465857863426208,
      1.1741942554712295,
      1.1165191382169724,
      1.0573822170495988,
      1.0457803010940552,
      1.0949861526489257,
      1.035627943277359,
      1.0472861588001252,
      0.9946784391999245,
      1.00873763859272,
      1.027952392399311,
      0.9772880882024765,
      0.9791827604174614,
      0.9647578835487366,
      0.9511759027838707,
      0.9402212962508202,
      0.9532883957028389,
      0.9370411232113838,
      0.9106138840317726,
      0.890595619380474,
      0.8889144331216812,
      0.9306175321340561,
      0.8808329612016678,
      0.9052392780780792,
      0.8882642567157746,
      0.8749847903847694,
      0.9019389018416405,
      0.8825271636247635,
      0.8797524377703667,
      0.8676766574382782,
      0.9333659738302231,
      0.9168834388256073,
      0.8668537348508835,
      0.8934847369790078,
      0.8589718222618103,
      0.9081173479557038,
      0.8825607344508171,
      0.8587116867303848,
      0.8515583112835884,
      0.8314694106578827,
      0.8435375258326531,
      0.8962931543588638,
      0.8633999690413475,
      0.8333511203527451,
      0.8681287452578544,
      0.8743192702531815,
      0.8776175603270531,
      0.8500384703278542,
      0.8960287943482399,
      0.896089032292366,
      0.8615615040063858,
      0.867707684636116,
      0.8913317650556565,
      0.895334766805172,
      0.8752546638250351,
      0.880039194226265,
      0.9083573833107949,
      0.8877667561173439,
      0.9150206729769707,
      0.8840852543711663,
      0.9277278184890747,
      0.9087525919079781,
      0.933641305565834,
      0.9610651671886444,
      0.9882267743349076,
      0.9822751745581627,
      0.9303232818841934,
      0.9404406756162643,
      0.9760419681668282,
      1.0140175089240073,
      0.9895217999815941,
      0.9941086947917939,
      0.9894367143511772,
      1.0675858363509179,
      1.0307559311389922
    ],