{
  "config": {
    "run_name": "exp1_2",
    "out_dir": "./results",
    "seed": 802532103,
    "device": null,
    "bs_train": 256,
    "bs_test": 256,
    "batches": 100,
    "epochs": 100,
    "early_stopping": 5,
    "checkpoints": null,
    "lr": 0.001,
    "reg": 0.007,
    "filters_per_layer": [
      64
    ],
    "pool_every": 3,
    "hidden_dims": [
      2048,
      1024
    ],
    "model_type": "cnn",
    "kw": {},
    "layers_per_block": 4
  },
  "results": {
    "num_epochs": 73,
    "train_loss": [
      2.229115825891495,
      1.8801799786090851,
      1.690427223443985,
      1.6184517884254455,
      1.555748234987259,
      1.4979646694660187,
      1.4266300976276398,
      1.3858877861499785,
      1.3518927466869355,
      1.3028812873363496,
      1.2806567883491515,
      1.2659722757339478,
      1.2237039089202881,
      1.2077286195755006,
      1.189214850664139,
      1.15787416100502,
      1.139718234539032,
      1.1115908390283584,
      1.0899326288700104,
      1.07952674806118,
      1.0562601637840272,
      1.0365193557739258,
      1.0284435147047042,
      1.0154380828142167,
      0.994341544508934,
      0.984777540564537,
      0.9752928930521011,
      0.9771256601810455,
      0.9582196611166001,
      0.9540791040658951,
      0.9403675532341004,
      0.9212043046951294,
      0.9254034698009491,
      0.9187376797199249,
      0.8948106598854065,
      0.911218884587288,
      0.8999796599149704,
      0.8883244889974594,
      0.870616484284401,
      0.8694475096464157,
      0.867232985496521,
      0.8594170767068863,
      0.8683424896001816,
      0.8436909186840057,
      0.8437129342556,
      0.8419066947698594,
      0.8386248117685318,
      0.8415135830640793,
      0.8269561672210693,
      0.8301143550872803,
      0.8291680139303207,
      0.8317289739847183,
      0.8127350336313248,
      0.8070967143774033,
      0.8013122057914734,
      0.8009539330005646,
      0.7996073108911514,
      0.7891357874870301,
      0.7841887748241425,
      0.7941864198446273,
      0.785218700170517,
      0.7720729780197143,
      0.7774146074056625,
      0.7678164309263229,
      0.7854427701234817,
      0.7749720185995101,
      0.7706163549423217,
      0.7542514055967331,
      0.7582106673717499,
      0.7719179737567902,
      0.7525894838571549,
      0.7591040343046188,
      0.7547684031724929
    ],
    "train_acc": [
      14.44140625,
      29.36328125,
      37.46484375,
      39.84765625,
      42.48828125,
      44.78515625,
      47.796875,
      49.33203125,
      50.765625,
      52.36328125,
      53.80859375,
      54.3828125,
      55.8125,
      56.5859375,
      56.80078125,
      58.609375,
      59.0390625,
      59.96484375,
      61.0078125,
      61.734375,
      62.23046875,
      63.06640625,
      63.62109375,
      63.9140625,
      64.58203125,
      65.26953125,
      65.59375,
      65.71875,
      65.90625,
      66.359375,
      66.625,
      67.3046875,
      67.12109375,
      67.77734375,
      68.41015625,
      67.8359375,
      68.1796875,
      68.8359375,
      69.453125,
      69.4453125,
      69.59765625,
      69.75390625,
      69.46484375,
      70.046875,
      70.1875,
      70.58984375,
      70.734375,
      70.30859375,
      70.71875,
      70.8515625,
      70.5078125,
      71.00390625,
      71.26171875,
      71.48828125,
      71.70703125,
      71.6875,
      71.80078125,
      72.30078125,
      72.375,
      72.41015625,
      72.484375,
      72.8125,
      72.9765625,
      73.27734375,
      72.234375,
      73.0234375,
      72.80859375,
      73.8203125,
      73.48828125,
      72.6953125,
      73.6640625,
      73.46484375,
      73.6015625
    ],
    "test_loss": [
      1.9986452758312225,
      1.738420483469963,
      1.6108315855264663,
      1.5718027502298355,
      1.5250994741916657,
      1.4716549158096313,
      1.3724042236804963,
      1.3489527136087418,
      1.3378193527460098,
      1.3177221149206162,
      1.2763904184103012,
      1.2406997203826904,
      1.2209793686866761,
      1.2086315631866456,
      1.1764160245656967,
      1.1900088727474212,
      1.164810311794281,
      1.110529214143753,
      1.13423353433609,
      1.135191410779953,
      1.1014762237668037,
      1.0594084516167641,
      1.1083903029561042,
      1.0498002246022224,
      1.0459420368075372,
      1.0438602700829507,
      1.0061549216508865,
      1.0112122267484664,
      1.0036389514803887,
      1.0045273438096047,
      1.0018803492188453,
      0.9973153188824654,
      0.9719680085778236,
      1.1621537238359452,
      1.007260735332966,
      0.9800720050930977,
      0.9723247364163399,
      0.9541222870349884,
      1.0276896834373475,
      0.9496560871601105,
      0.983591964840889,
      1.0248111948370933,
      0.9440229132771492,
      0.9524680480360985,
      0.9595389068126678,
      0.9364602610468864,
      0.9108171433210372,
      0.953763173520565,
      0.9353984028100968,
      0.9246287479996681,
      0.937498427927494,
      0.9401254236698151,
      0.9119007810950279,
      0.9137320891022682,
      0.914757040143013,
      0.9125495940446854,
      0.9241381481289863,
      0.9026541605591774,
      0.8977312788367271,
      0.8955302223563194,
      0.8930183783173561,
      0.9216310769319535,
      0.900743094086647,
      1.017942652106285,
      0.8948359176516533,
      0.9133360534906387,
      0.9121226862072944,
      0.8925891578197479,
      0.9354167073965073,
      0.904367470741272,
      0.9354427382349968,
      0.8967323929071427,
      0.9155381768941879
    ],
    "test_acc": [
      24.97,
      34.52,
      39.47,
      42.32,
      43.68,
      46.41,
      49.26,
      50.59,
      50.88,
      50.4,
      53.36,
      55.74,
      55.96,
      56.52,
      58.0,
      56.63,
      58.07,
      61.13,
      59.39,
      59.85,
      60.86,
      62.97,
      60.93,
      62.93,
      62.92,
      62.89,
      64.49,
      64.36,
      64.26,
      64.98,
      64.9,
      64.6,
      65.77,
      59.99,
      64.15,
      65.51,
      65.94,
      66.4,
      63.72,
      66.71,
      65.64,
      64.12,
      67.2,
      66.76,
      66.67,
      67.1,
      67.72,
      66.43,
      66.91,
      67.88,
      67.41,
      67.46,
      67.94,
      68.42,
      67.75,
      68.09,
      67.5,
      68.46,
      68.67,
      68.79,
      69.18,
      67.73,
      68.98,
      64.32,
      68.91,
      68.29,
      68.3,
      68.73,
      67.85,
      68.49,
      67.79,
      68.57,
      68.11
    ]
  }
}