{
  "config": {
    "run_name": "exp1_1_L16_K32",
    "out_dir": "./results",
    "seed": 246036579,
    "device": null,
    "bs_train": 256,
    "bs_test": 256,
    "batches": 100,
    "epochs": 100,
    "early_stopping": 5,
    "checkpoints": null,
    "lr": 0.001,
    "reg": 0.007,
    "filters_per_layer": [
      32
    ],
    "pool_every": 3,
    "hidden_dims": [
      2048,
      1024
    ],
    "model_type": "cnn",
    "kw": {},
    "layers_per_block": 16
  },
  "results": {
    "num_epochs": 6,
    "train_loss": [
      2.3034225487709046,
      2.3026749086380005,
      2.302677960395813,
      2.3025851106643676,
      2.3025989866256715,
      2.3026934552192686
    ],
    "train_acc": [
      10.30859375,
      10.109375,
      10.01171875,
      9.88671875,
      10.0703125,
      10.0078125
    ],
    "test_loss": [
      2.3026781260967253,
      2.3026813685894014,
      2.302681338787079,
      2.3027199625968935,
      2.3026815354824066,
      2.30252765417099
    ],
    "test_acc": [
      10.0,
      10.0,
      10.0,
      10.0,
      10.0,
      10.0
    ]
  }
}