{
  "config": {
    "run_name": "exp1_4",
    "out_dir": "./results",
    "seed": 1940184402,
    "device": null,
    "bs_train": 256,
    "bs_test": 256,
    "batches": 100,
    "epochs": 100,
    "early_stopping": 5,
    "checkpoints": null,
    "lr": 0.0005,
    "reg": 0.007,
    "filters_per_layer": [
      64,
      128,
      256
    ],
    "pool_every": 5,
    "hidden_dims": [
      1024,
      1024
    ],
    "model_type": "resnet",
    "kw": {},
    "layers_per_block": 2
  },
  "results": {
    "num_epochs": 71,
    "train_loss": [
      1.8720459926128388,
      1.545962121486664,
      1.4589369773864747,
      1.3984384906291962,
      1.3264511835575103,
      1.2913818895816802,
      1.2312617337703704,
      1.1807042205333709,
      1.1160329848527908,
      1.0861038357019424,
      1.0390647476911545,
      0.9972117006778717,
      0.9700873333215714,
      0.9233475399017333,
      0.9043267261981964,
      0.8810312920808792,
      0.8466889995336533,
      0.8015089911222458,
      0.784288479089737,
      0.7562642455101013,
      0.7400832176208496,
      0.7099052166938782,
      0.6826293915510178,
      0.6727599412202835,
      0.6481424897909165,
      0.6223860275745392,
      0.6176985627412797,
      0.5777537736296654,
      0.5782698893547058,
      0.5294793802499771,
      0.5290382546186447,
      0.506698289513588,
      0.49401776641607287,
      0.46065930277109146,
      0.4612729451060295,
      0.4232232642173767,
      0.40452693074941637,
      0.39256341129541394,
      0.36464879393577576,
      0.35449516385793683,
      0.33629035487771036,
      0.3263530598580837,
      0.313865405768156,
      0.29337637811899187,
      0.28935503482818603,
      0.28485534369945525,
      0.25903848141431807,
      0.25115385293960574,
      0.2505331636965275,
      0.23952273279428482,
      0.23800971627235412,
      0.24132124811410904,
      0.21013494163751603,
      0.2147174523025751,
      0.2191866932809353,
      0.20300180077552796,
      0.20356548607349395,
      0.1954979372769594,
      0.1981946633756161,
      0.18158546797931194,
      0.18824219971895217,
      0.18614278092980385,
      0.20706627249717713,
      0.1867633781582117,
      0.17586623854935168,
      0.1631000741571188,
      0.17124517679214477,
      0.16854111209511757,
      0.17313617251813412,
      0.16976587772369384,
      0.16867344968020917
    ],
    "train_acc": [
      32.12890625,
      44.37109375,
      47.0546875,
      49.63671875,
      51.89453125,
      53.84375,
      55.59765625,
      57.89453125,
      60.08203125,
      61.17578125,
      63.14453125,
      64.796875,
      65.87890625,
      67.2421875,
      68.17578125,
      68.94921875,
      70.06640625,
      71.72265625,
      72.47265625,
      73.5234375,
      74.2109375,
      75.40234375,
      76.2890625,
      76.734375,
      77.359375,
      78.45703125,
      78.7890625,
      80.19921875,
      79.98046875,
      81.5625,
      81.859375,
      82.46484375,
      83.26953125,
      84.2265625,
      84.2734375,
      85.42578125,
      86.25390625,
      86.62890625,
      87.5390625,
      87.9765625,
      88.62890625,
      88.9609375,
      89.203125,
      90.03125,
      90.21484375,
      90.47265625,
      91.421875,
      91.49609375,
      91.82421875,
      92.08984375,
      91.91015625,
      91.90234375,
      93.08203125,
      92.97265625,
      92.8671875,
      93.32421875,
      93.1328125,
      93.453125,
      93.2890625,
      94.03125,
      93.79296875,
      93.7890625,
      93.14453125,
      93.89453125,
      94.3046875,
      94.61328125,
      94.48828125,
      94.55078125,
      94.26953125,
      94.328125,
      94.44921875
    ],
    "test_loss": [
      1.6239809483289718,
      1.4573181718587875,
      1.4553602457046508,
      1.3357437044382094,
      1.3159596353769303,
      1.2621026188135147,
      1.2373623549938202,
      1.1597497671842576,
      1.1201034381985664,
      1.09399044662714,
      1.0558282747864722,
      1.042758096754551,
      1.0235539719462394,
      0.9998429536819458,
      1.0022623285651207,
      0.9634936019778252,
      0.950618353486061,
      0.9226918146014214,
      0.9085024744272232,
      0.9277799323201179,
      0.8723567426204681,
      0.9090735256671906,
      0.9181057631969451,
      0.9071524515748024,
      0.8591501042246819,
      0.870836915075779,
      0.8863591134548188,
      0.9039382547140121,
      0.8825311034917831,
      0.9039117470383644,
      0.9776877433061599,
      0.9683872789144516,
      0.9308239549398423,
      0.9805983290076256,
      1.0091694831848144,
      0.9978798657655716,
      0.9778737604618073,
      1.077773068845272,
      1.0735600605607032,
      1.1049403309822083,
      1.1048242762684821,
      1.1219918757677079,
      1.1029753923416137,
      1.0967362999916077,
      1.1592699751257896,
      1.141466921567917,
      1.2090419292449952,
      1.2385141357779503,
      1.1754548460245133,
      1.221608431637287,
      1.2386357009410858,
      1.20113136023283,
      1.233439327776432,
      1.2820190250873567,
      1.266604369878769,
      1.2965682849287987,
      1.277416843175888,
      1.333649967610836,
      1.369244682788849,
      1.339111042022705,
      1.289520925283432,
      1.3125803560018539,
      1.2344241052865983,
      1.364889594912529,
      1.3597847566008567,
      1.3038253277540206,
      1.3723925963044166,
      1.3947246283292771,
      1.434698924422264,
      1.3201934799551964,
      1.4076524823904037
    ],
    "test_acc": [
      41.64,
      47.04,
      46.9,
      51.2,
      52.14,
      53.93,
      55.94,
      58.54,
      60.57,
      60.62,
      62.16,
      63.25,
      63.76,
      65.14,
      64.25,
      65.95,
      66.72,
      67.63,
      68.06,
      67.13,
      69.24,
      67.83,
      67.66,
      68.28,
      70.17,
      69.64,
      69.13,
      68.92,
      70.32,
      69.11,
      67.68,
      66.88,
      69.24,
      68.52,
      67.33,
      68.21,
      68.43,
      66.49,
      68.03,
      67.92,
      66.66,
      67.32,
      67.87,
      67.8,
      67.98,
      67.54,
      67.81,
      66.45,
      67.43,
      67.02,
      67.73,
      67.63,
      67.34,
      67.35,
      67.72,
      66.57,
      66.53,
      66.41,
      66.22,
      67.21,
      67.65,
      66.39,
      67.35,
      66.22,
      66.87,
      66.61,
      67.05,
      65.98,
      65.59,
      67.52,
      66.29
    ]
  }
}