{
  "config": {
    "run_name": "exp1_1_L16_K64",
    "out_dir": "./results",
    "seed": 484476794,
    "device": null,
    "bs_train": 256,
    "bs_test": 256,
    "batches": 100,
    "epochs": 100,
    "early_stopping": 5,
    "checkpoints": null,
    "lr": 0.001,
    "reg": 0.007,
    "filters_per_layer": [
      64
    ],
    "pool_every": 3,
    "hidden_dims": [
      2048,
      1024
    ],
    "model_type": "cnn",
    "kw": {},
    "layers_per_block": 16
  },
  "results": {
    "num_epochs": 9,
    "train_loss": [
      2.3032191967964173,
      2.302708215713501,
      2.3026526021957396,
      2.302660303115845,
      2.3026328778266905,
      2.302686083316803,
      2.3026987743377685,
      2.3026252508163454,
      2.3026508283615112
    ],
    "train_acc": [
      10.00390625,
      10.07421875,
      9.90234375,
      10.078125,
      9.77734375,
      9.5390625,
      9.734375,
      10.05859375,
      10.05859375
    ],
    "test_loss": [
      2.3025361776351927,
      2.302587902545929,
      2.302644670009613,
      2.302587127685547,
      2.3025508165359496,
      2.302512985467911,
      2.3025291919708253,
      2.3025187611579896,
      2.30259947180748
    ],
    "test_acc": [
      10.0,
      10.0,
      10.0,
      10.0,
      10.0,
      10.0,
      10.0,
      10.0,
      10.0
    ]
  }
}