{
  "config": {
    "run_name": "exp1_1_L4_K32",
    "out_dir": "./results",
    "seed": 15422520,
    "device": null,
    "bs_train": 256,
    "bs_test": 256,
    "batches": 100,
    "epochs": 100,
    "early_stopping": 5,
    "checkpoints": null,
    "lr": 0.001,
    "reg": 0.007,
    "filters_per_layer": [
      32
    ],
    "pool_every": 3,
    "hidden_dims": [
      2048,
      1024
    ],
    "model_type": "cnn",
    "kw": {},
    "layers_per_block": 4
  },
  "results": {
    "num_epochs": 100,
    "train_loss": [
      2.180931190252304,
      1.9342215871810913,
      1.7943119251728057,
      1.6689510214328767,
      1.6031411409378051,
      1.5538098049163818,
      1.5219319331645966,
      1.4636197948455811,
      1.4093769311904907,
      1.3579330670833587,
      1.3341688466072084,
      1.283057109117508,
      1.2406376254558564,
      1.2166882586479186,
      1.1964247393608094,
      1.172427917122841,
      1.1554769015312194,
      1.1538305175304413,
      1.1177831763029098,
      1.121551948785782,
      1.0914644390344619,
      1.0794578808546067,
      1.0693228846788407,
      1.0527801954746245,
      1.0456948333978653,
      1.0299221134185792,
      1.0366716331243515,
      1.0023037338256835,
      1.010739273428917,
      1.005617545247078,
      0.9885719156265259,
      0.9802015644311904,
      0.9676728993654251,
      0.9682649528980255,
      0.9524340742826461,
      0.95310480594635,
      0.9445241606235504,
      0.9458567917346954,
      0.9212199193239212,
      0.9317195588350295,
      0.9229511553049088,
      0.9158443254232407,
      0.9048205775022506,
      0.9104484808444977,
      0.9016716116666794,
      0.8805559635162353,
      0.8846808809041977,
      0.8802267050743103,
      0.8811599254608155,
      0.8729836106300354,
      0.872080939412117,
      0.8637465882301331,
      0.8611813855171203,
      0.8606361615657806,
      0.8548840206861495,
      0.869861181974411,
      0.8442705261707306,
      0.8467883133888244,
      0.8533597719669342,
      0.840930182337761,
      0.8298046213388443,
      0.8410665231943131,
      0.8325141388177871,
      0.8452874004840851,
      0.8197137022018433,
      0.8116663175821305,
      0.816614578962326,
      0.815748615860939,
      0.8115483224391937,
      0.8146759140491485,
      0.8191481631994247,
      0.8036992543935776,
      0.7926994079351425,
      0.7979545706510544,
      0.805882934331894,
      0.786142196059227,
      0.7796901100873947,
      0.7903579354286194,
      0.7721650320291519,
      0.7788056260347367,
      0.787228325009346,
      0.7744061821699142,
      0.7712497437000274,
      0.7859975147247314,
      0.7613347429037094,
      0.7552201896905899,
      0.7684468513727188,
      0.7658276623487472,
      0.7578970545530319,
      0.7577223706245423,
      0.7467488038539887,
      0.746542193889618,
      0.7497471106052399,
      0.7412002056837081,
      0.7427091646194458,
      0.7369321793317795,
      0.7375953274965287,
      0.7317890298366546,
      0.7425014162063599,
      0.7331930673122407
    ],
    "train_acc": [
      15.55859375,
      26.40625,
      32.33984375,
      38.234375,
      40.23046875,
      42.453125,
      44.02734375,
      46.0625,
      48.35546875,
      50.7421875,
      51.6015625,
      53.703125,
      54.87109375,
      56.328125,
      56.9453125,
      58.37109375,
      58.5546875,
      58.7890625,
      60.109375,
      59.7421875,
      60.8828125,
      61.33203125,
      61.890625,
      62.57421875,
      63.0546875,
      63.16015625,
      63.1015625,
      64.5,
      64.39453125,
      64.671875,
      64.8828125,
      65.234375,
      65.7578125,
      65.1796875,
      66.14453125,
      66.30859375,
      66.515625,
      66.36328125,
      67.53125,
      67.06640625,
      67.2890625,
      67.6328125,
      68.12890625,
      67.6796875,
      68.09765625,
      68.9140625,
      68.66015625,
      68.53125,
      68.8515625,
      68.96484375,
      68.95703125,
      69.46875,
      69.43359375,
      69.50390625,
      70.02734375,
      69.3671875,
      70.3828125,
      70.28515625,
      70.078125,
      70.484375,
      70.6328125,
      70.6640625,
      70.80078125,
      70.16796875,
      71.328125,
      71.5,
      71.28125,
      71.34765625,
      71.58984375,
      71.5,
      71.17578125,
      71.76953125,
      72.2578125,
      72.015625,
      71.99609375,
      72.4140625,
      72.7578125,
      72.1875,
      73.00390625,
      72.30078125,
      72.25390625,
      72.69140625,
      73.10546875,
      72.5234375,
      73.25390625,
      73.33984375,
      73.01171875,
      73.09375,
      73.58203125,
      73.484375,
      74.05859375,
      73.56640625,
      73.828125,
      74.046875,
      74.0703125,
      74.07421875,
      74.0390625,
      74.4140625,
      73.81640625,
      74.2734375
    ],
    "test_loss": [
      2.000130167603493,
      1.902657264471054,
      1.6975210785865784,
      1.5939788460731505,
      1.5420318067073822,
      1.5470626443624496,
      1.4677551567554474,
      1.4762208670377732,
      1.3844432443380357,
      1.358348348736763,
      1.3099019527435303,
      1.2972093284130097,
      1.2426063567399979,
      1.2340047746896743,
      1.201634755730629,
      1.202848818898201,
      1.1643441319465637,
      1.1758405029773713,
      1.1471581369638444,
      1.168906632065773,
      1.1288601100444793,
      1.1041044190526008,
      1.1136956095695496,
      1.203930750489235,
      1.0806499853730203,
      1.1593665838241578,
      1.0790517956018448,
      1.0598140701651573,
      1.0821803018450737,
      1.0352006033062935,
      1.0420594111084938,
      1.0482799291610718,
      1.0645928978919983,
      1.0440160751342773,
      1.0518102809786796,
      1.0496281951665878,
      1.003483122587204,
      0.9833437606692315,
      0.9987446293234825,
      1.0190133646130561,
      0.9840143635869026,
      1.0119980037212373,
      0.9928828060626984,
      0.9715757161378861,
      0.9667626410722733,
      0.9708067953586579,
      1.0229385018348693,
      0.9889756992459298,
      0.9438996016979218,
      0.9819210603833198,
      0.9559745371341706,
      0.9610486805438996,
      0.9616853550076485,
      0.9715628102421761,
      0.9634792476892471,
      0.9375443965196609,
      0.965616974234581,
      0.9375681772828102,
      0.9230947151780129,
      0.9198692888021469,
      0.9617864593863488,
      0.9999819070100784,
      0.9545033067464829,
      0.9282327935099601,
      0.9900657549500466,
      0.9452503353357316,
      0.9483509123325348,
      0.9330153092741966,
      0.909323912858963,
      0.9123865261673927,
      0.9267027169466019,
      0.9239648893475533,
      0.9449500545859337,
      0.9479295164346695,
      0.9412836328148841,
      0.9336107984185219,
      0.9458290264010429,
      0.9224694639444351,
      0.9539773926138878,
      0.9330359444022178,
      0.8981111839413642,
      0.9002793863415718,
      0.9382420614361763,
      0.926447780430317,
      0.940679420530796,
      0.8974543273448944,
      0.9919016703963279,
      0.916658902168274,
      0.8989162653684616,
      0.9436153948307038,
      0.9236703783273696,
      0.9335150137543679,
      0.9256092637777329,
      0.9199068278074265,
      0.9073340401053429,
      0.9180571421980858,
      0.8915441915392875,
      0.9191887572407722,
      0.8867020010948181,
      0.890625961124897
    ],