{
  "config": {
    "run_name": "exp1_2",
    "out_dir": "./results",
    "seed": 1720457993,
    "device": null,
    "bs_train": 256,
    "bs_test": 256,
    "batches": 100,
    "epochs": 100,
    "early_stopping": 5,
    "checkpoints": null,
    "lr": 0.001,
    "reg": 0.007,
    "filters_per_layer": [
      128
    ],
    "pool_every": 3,
    "hidden_dims": [
      2048,
      1024
    ],
    "model_type": "cnn",
    "kw": {},
    "layers_per_block": 2
  },
  "results": {
    "num_epochs": 100,
    "train_loss": [
      1.9645467722415924,
      1.6502571201324463,
      1.572944037914276,
      1.5313592386245727,
      1.461989473104477,
      1.4411979305744171,
      1.4414911460876465,
      1.3951421403884887,
      1.364169100522995,
      1.3289929771423339,
      1.3234295952320099,
      1.46797332406044,
      1.3417245328426362,
      1.29827392578125,
      1.291927354335785,
      1.2623841154575348,
      1.2474459683895112,
      1.2316314029693602,
      1.2175154054164887,
      1.1955894148349762,
      1.2016793060302735,
      1.2046943032741546,
      1.1898933887481689,
      1.1594057536125184,
      1.161882793903351,
      1.1374994242191314,
      1.143627524971962,
      1.1264763915538787,
      1.1172400641441345,
      1.1135327297449111,
      1.1002654594182968,
      1.1018811112642288,
      1.0922012794017792,
      1.0945918536186219,
      1.0849155640602113,
      1.0735874897241593,
      1.0687865608930587,
      1.0997681677341462,
      1.0734469950199128,
      1.0640733355283738,
      1.0603622871637344,
      1.0577288579940796,
      1.050992535352707,
      1.0569685316085815,
      1.0474485921859742,
      1.0243622326850892,
      1.0276198065280915,
      1.0304282075166702,
      1.021524916291237,
      1.0205777144432069,
      1.0053566068410873,
      1.0117799454927445,
      1.0123759961128236,
      1.0091370278596878,
      0.9944460713863372,
      1.013667620420456,
      1.0005387955904006,
      1.0157454127073289,
      0.9871092337369919,
      0.9838372296094895,
      0.9954419350624084,
      1.0002138084173202,
      0.980645517706871,
      0.9887088525295258,
      0.9950975227355957,
      0.9626280784606933,
      0.9812707871198654,
      0.9758202922344208,
      0.9714578038454056,
      0.9639055287837982,
      0.9686829018592834,
      0.9620417815446853,
      0.975193127989769,
      0.9528937816619873,
      0.9486689454317093,
      0.9466029167175293,
      0.9547925329208374,
      0.9599647897481919,
      0.9518761187791824,
      0.954835547208786,
      0.9435738956928253,
      0.9325428503751755,
      0.9533115148544311,
      0.9551701956987381,
      0.9345505475997925,
      0.9410396260023117,
      0.9314046180248261,
      0.9376940828561783,
      0.9403221124410629,
      0.9318561542034149,
      0.9427199190855027,
      0.9269620716571808,
      0.9241888844966888,
      0.9233641856908799,
      0.9311572641134263,
      0.9419863510131836,
      0.9174010771512985,
      0.9279719614982604,
      0.909548043012619,
      0.9083665591478348
    ],
    "train_acc": [
      27.51953125,
      39.49609375,
      42.72265625,
      44.01171875,
      46.53125,
      47.71484375,
      47.5859375,
      49.69921875,
      50.69921875,
      52.328125,
      52.4921875,
      48.265625,
      51.8984375,
      53.18359375,
      53.5625,
      54.5546875,
      55.015625,
      55.72265625,
      56.0703125,
      57.33984375,
      56.89453125,
      56.75390625,
      57.28125,
      58.4140625,
      58.4609375,
      59.29296875,
      59.1640625,
      59.96484375,
      59.90234375,
      60.33984375,
      60.69921875,
      60.62890625,
      60.6953125,
      60.98046875,
      61.3671875,
      61.8515625,
      62.0078125,
      61.1796875,
      61.9296875,
      61.98046875,
      62.2578125,
      62.52734375,
      62.28125,
      62.73828125,
      62.6015625,
      63.3046875,
      63.609375,
      62.890625,
      63.7578125,
      63.41015625,
      64.390625,
      64.28515625,
      64.09375,
      64.109375,
      64.4609375,
      63.95703125,
      64.1796875,
      64.22265625,
      64.6953125,
      64.984375,
      64.65234375,
      64.3046875,
      65.1953125,
      64.9296875,
      64.78125,
      65.94921875,
      65.0625,
      65.34375,
      65.78515625,
      66.0390625,
      65.45703125,
      65.59765625,
      65.515625,
      66.28515625,
      66.60546875,
      66.8046875,
      66.0234375,
      65.98828125,
      66.3359375,
      66.50390625,
      66.875,
      66.7421875,
      66.13671875,
      66.34765625,
      66.9375,
      66.53515625,
      66.59765625,
      66.65625,
      66.51953125,
      67.046875,
      66.640625,
      66.953125,
      67.3359375,
      67.5390625,
      67.25390625,
      66.94140625,
      67.67578125,
      67.14453125,
      67.80859375,
      67.8203125
    ],
    "test_loss": [
      1.6988282382488251,
      1.5853843122720719,
      1.4989239275455475,
      1.491706797480583,
      1.4442574232816696,
      1.3978317558765412,
      1.4214427858591079,
      1.3553740948438644,
      1.3352834403514862,
      1.3569524049758912,
      1.3068164736032486,
      1.4362660884857177,
      1.3062353700399398,
      1.3156559020280838,
      1.2922117471694947,
      1.294260311126709,
      1.289880496263504,
      1.281009268760681,
      1.2443022817373275,
      1.2109898447990417,
      1.2540615171194076,
      1.2959771513938905,
      1.197319895029068,
      1.2004839181900024,
      1.1829816937446593,
      1.1910941839218139,
      1.1475213557481765,
      1.171872155368328,
      1.1401110649108888,
      1.1670177549123764,
      1.1759881973266602,
      1.160957932472229,
      1.1369935885071754,
      1.1293304085731506,
      1.1503098964691163,
      1.2199776738882064,
      1.1512024402618408,
      1.1240192726254463,
      1.1597006380558015,
      1.1274443030357362,
      1.1052434846758843,
      1.12162656635046,
      1.1136269748210907,
      1.0961252376437187,
      1.101888358592987,
      1.1222265228629111,
      1.1242379397153854,
      1.1110321462154389,
      1.1607436925172805,
      1.0905760467052459,
      1.0827088177204132,
      1.11461111754179,
      1.0819859251379966,
      1.0633536085486412,
      1.0769586235284805,
      1.0917081579566001,
      1.078918269276619,
      1.0663615360856056,
      1.0567895725369454,
      1.1079174995422363,
      1.1326208502054214,
      1.0665232479572295,
      1.053411991894245,
      1.0851068660616874,
      1.0984031453728675,
      1.0514486595988273,
      1.0867667555809022,
      1.0432845219969749,
      1.0650493264198304,
      1.053016622364521,
      1.0385673984885215,
      1.0595892429351808,
      1.1313002735376358,
      1.0469374150037765,
      1.0751320838928222,
      1.0489446103572846,
      1.1038519337773323,
      1.079637922346592,
      1.0333847269415855,
      1.0418354079127312,
      1.041103331744671,
      1.0517549023032189,
      1.0514977350831032,
      1.075050885975361,
      1.0389669239521027,
      1.0690579786896706,
      1.035773864388466,
      1.0397278919816018,
      1.032417145371437,
      1.039424052834511,
      1.032802338898182,
      1.0334426373243333,
      1.0521871596574783,
      1.039566594362259,
      1.0209530889987946,
      1.0310979798436164,
      1.0486695125699044,
      1.0502635419368744,
      1.0608025461435318,
      1.0440541490912438
    ],