{
  "config": {
    "run_name": "exp1_2",
    "out_dir": "./results",
    "seed": 933692346,
    "device": null,
    "bs_train": 256,
    "bs_test": 256,
    "batches": 100,
    "epochs": 100,
    "early_stopping": 5,
    "checkpoints": null,
    "lr": 0.001,
    "reg": 0.007,
    "filters_per_layer": [
      128
    ],
    "pool_every": 3,
    "hidden_dims": [
      2048,
      1024
    ],
    "model_type": "cnn",
    "kw": {},
    "layers_per_block": 4
  },
  "results": {
    "num_epochs": 100,
    "train_loss": [
      2.098602293729782,
      1.7834996807575225,
      1.6116627490520476,
      1.497350949048996,
      1.442666575908661,
      1.3883945310115815,
      1.3481029415130614,
      1.3016486001014709,
      1.2407975327968597,
      1.2030754315853118,
      1.1873884344100951,
      1.1489231187105178,
      1.1199163311719895,
      1.106562893986702,
      1.0706205409765244,
      1.0782117503881454,
      1.0321022605895995,
      1.0110680788755417,
      0.9967587554454803,
      0.9824600076675415,
      0.9557110470533371,
      0.9667705929279328,
      0.9461613744497299,
      0.9199468576908112,
      0.8966132324934005,
      0.9141541481018066,
      0.8820644444227219,
      0.8751087373495102,
      0.8602940905094146,
      0.8493883895874024,
      0.8357035499811173,
      0.8386754608154297,
      0.8478843152523041,
      0.8140561771392822,
      0.8143664270639419,
      0.8056343668699264,
      0.798925313949585,
      0.7912750458717346,
      0.7753998130559921,
      0.7780610072612762,
      0.7836489909887314,
      0.7735125797986985,
      0.774093764424324,
      0.7620632016658783,
      0.7432422435283661,
      0.737387808561325,
      0.7501246440410614,
      0.7408220791816711,
      0.7180333483219147,
      0.7296593511104583,
      0.7250375252962112,
      0.7216073006391526,
      0.7317383599281311,
      0.7121848624944687,
      0.7082764440774918,
      0.7061718261241913,
      0.6954022324085236,
      0.7126830369234085,
      0.6932348042726517,
      0.6955300831794738,
      0.6838999450206756,
      0.6950350660085678,
      0.6627537927031517,
      0.7074977087974549,
      0.6734103292226792,
      0.68231529712677,
      0.652719424366951,
      0.6660780867934227,
      0.6592590728402138,
      0.6777900046110154,
      0.7182677632570267,
      0.6384272688627243,
      0.6422848457098007,
      0.6504848909378051,
      0.6396925851702691,
      0.6341232061386108,
      0.6366071432828904,
      0.62712761759758,
      0.6277887886762619,
      0.7012679070234299,
      0.644209615290165,
      0.614274297952652,
      0.6169635030627251,
      0.6161043363809585,
      0.6135669022798538,
      0.6062745732069016,
      0.6166347351670265,
      0.614942067861557,
      0.584960232079029,
      0.5947262459993362,
      0.591225335597992,
      0.5851633331179619,
      0.5970108604431152,
      0.5859463575482369,
      0.5849829998612404,
      0.578064923286438,
      0.5771041387319564,
      0.5666563618183136,
      0.700390012562275,
      0.5768478614091873
    ],
    "train_acc": [
      21.0234375,
      34.0703125,
      40.93359375,
      44.81640625,
      46.91796875,
      49.265625,
      51.0,
      52.71875,
      55.03125,
      57.0078125,
      57.1015625,
      58.84375,
      59.8828125,
      60.34375,
      61.87109375,
      61.6875,
      63.55859375,
      64.49609375,
      64.515625,
      65.3046875,
      66.69921875,
      66.16015625,
      66.76953125,
      67.8671875,
      68.4375,
      67.578125,
      68.984375,
      69.15625,
      69.78515625,
      70.06640625,
      70.30859375,
      70.55078125,
      70.28515625,
      71.56640625,
      71.44140625,
      71.828125,
      72.27734375,
      72.078125,
      72.71875,
      73.26171875,
      72.74609375,
      72.71875,
      72.76953125,
      73.38671875,
      74.03515625,
      74.2265625,
      73.98828125,
      74.0859375,
      74.953125,
      74.66015625,
      74.8203125,
      74.96484375,
      74.53515625,
      74.8984375,
      75.19921875,
      75.40625,
      75.953125,
      75.4375,
      75.83203125,
      75.77734375,
      76.234375,
      75.828125,
      77.20703125,
      75.5390625,
      76.46875,
      76.25,
      77.30078125,
      76.87890625,
      77.0390625,
      76.2421875,
      75.0703125,
      77.73828125,
      77.71875,
      77.3359375,
      77.7109375,
      77.9765625,
      77.91015625,
      78.359375,
      78.05859375,
      75.66796875,
      77.63671875,
      78.67578125,
      78.6953125,
      78.69921875,
      79.08984375,
      78.99609375,
      78.59765625,
      78.8203125,
      79.70703125,
      79.3359375,
      79.61328125,
      79.828125,
      79.20703125,
      79.9375,
      79.83984375,
      80.1796875,
      79.9921875,
      80.234375,
      76.3046875,
      80.02734375
    ],
    "test_loss": [
      1.8938688099384309,
      1.6849058419466019,
      1.5355718940496446,
      1.4363502264022827,
      1.426838606595993,
      1.4116696923971177,
      1.3428722143173217,
      1.2467012465000153,
      1.2403105646371841,
      1.1679341584444045,
      1.2634370535612107,
      1.1420968070626258,
      1.1261069446802139,
      1.1232571601867676,
      1.0828782245516777,
      1.0630361974239348,
      1.0681732818484306,
      1.02851060628891,
      1.0237861633300782,
      1.0218453511595726,
      0.9786918610334396,
      0.9928810775279999,
      0.963322477042675,
      0.9836403295397759,
      0.9670426741242408,
      0.9989953666925431,
      0.9710569187998772,
      0.9189418628811836,
      1.021486373245716,
      0.9137825533747673,
      0.9555238753557205,
      0.9340578958392143,
      0.9469196289777756,
      0.9182297512888908,
      0.9430742263793945,
      0.898158212006092,
      0.8754325613379479,
      0.8607298001646996,
      0.8575139254331589,
      0.8565674602985383,
      0.8462631419301033,
      0.8532306179404259,
      0.8637633949518204,
      0.8751285895705223,
      0.8655813530087471,
      0.8391364589333534,
      0.8734684094786644,
      0.8644914664328098,
      0.872844110429287,
      0.8406757965683938,
      0.8694937393069267,
      1.2208057016134262,
      1.1594813778996467,
      0.8350450426340104,
      0.8154751718044281,
      0.883846627175808,
      1.483648744225502,
      0.8451488211750984,
      0.8004436075687409,
      0.8185026988387107,
      0.8593265146017075,
      0.8428680986166001,
      0.8599553495645523,
      0.8376101553440094,
      0.802213405072689,
      0.8292162537574768,
      0.8239282011985779,
      0.7949302732944489,
      0.8118159860372544,
      0.8278826475143433,
      0.8346944600343704,
      0.8234697431325912,
      0.8974888175725937,
      0.7991437047719956,
      0.812899787724018,
      0.7960515663027763,
      0.8275589376688004,
      0.8677662372589111,
      1.318425726890564,
      0.8442548796534538,
      0.8049594730138778,
      0.8366878062486649,
      0.8072425931692123,
      0.8143584564328193,
      0.8392565369606018,
      0.9499139204621315,
      0.8303108558058738,
      0.8421533152461051,
      0.8170637175440788,
      0.8364298507571221,
      0.7973584696650505,
      0.8175591200590133,
      0.8388822630047799,
      0.8872147649526596,
      0.8436802372336387,
      0.7940312311053276,
      0.8339815944433212,
      0.8645194381475448,
      0.828181229531765,
      0.8202316865324975
    ],