{
  "config": {
    "run_name": "exp2_L3_K32-64-128",
    "out_dir": "./results",
    "seed": 1789296829,
    "device": null,
    "bs_train": 256,
    "bs_test": 256,
    "batches": 100,
    "epochs": 250,
    "early_stopping": 10,
    "checkpoints": null,
    "lr": 0.0004,
    "reg": 0.0025,
    "filters_per_layer": [
      32,
      64,
      128
    ],
    "pool_every": 3,
    "hidden_dims": [
      2048,
      2048,
      1024
    ],
    "model_type": "yourcnn",
    "kw": {},
    "layers_per_block": 3
  },
  "results": {
    "num_epochs": 120,
    "train_loss": [
      2.0044948828220366,
      1.8422184073925019,
      1.7601967573165893,
      1.707858303785324,
      1.650330023765564,
      1.6030350244045257,
      1.5594064378738404,
      1.5196177160739899,
      1.4769660115242005,
      1.4427526485919953,
      1.405509501695633,
      1.3560101664066315,
      1.3320763957500459,
      1.2969731068611146,
      1.249005388021469,
      1.231946337223053,
      1.1933178520202636,
      1.1756722486019135,
      1.1522532939910888,
      1.1278198498487473,
      1.1073011696338653,
      1.0876388490200042,
      1.0518311488628387,
      1.0468421167135238,
      1.0335210782289506,
      1.0197384995222092,
      0.9913515245914459,
      0.9711784052848816,
      0.9678486585617065,
      0.9517706680297852,
      0.9503960174322128,
      0.9257704627513885,
      0.9139374327659607,
      0.9087836891412735,
      0.9000659739971161,
      0.8904820257425308,
      0.8762193560600281,
      0.8670914053916932,
      0.8637036901712417,
      0.8411171728372574,
      0.8443435734510422,
      0.8330784744024277,
      0.8191293412446976,
      0.8142836254835129,
      0.8127542465925217,
      0.8163537412881852,
      0.8022874402999878,
      0.78449367582798,
      0.7893807286024094,
      0.7705984711647034,
      0.7714503175020218,
      0.7670398253202438,
      0.7609297013282776,
      0.7494545036554336,
      0.7545048278570176,
      0.7280499446392059,
      0.7462398010492325,
      0.7225703424215317,
      0.7300067222118378,
      0.7128100717067718,
      0.7160168898105621,
      0.7151468050479889,
      0.7089474493265152,
      0.7038674265146255,
      0.705928361415863,
      0.7002228617668151,
      0.6889056366682053,
      0.6841291773319245,
      0.6844261807203292,
      0.6730251443386078,
      0.6735286775231362,
      0.6675778526067734,
      0.6720019775629044,
      0.6637566608190536,
      0.6636270669102668,
      0.656673938035965,
      0.6567965638637543,
      0.6601566445827484,
      0.6494835525751114,
      0.6535657232999802,
      0.6412872660160065,
      0.651980082988739,
      0.6371991944313049,
      0.6445723837614059,
      0.6359991532564163,
      0.6342732328176498,
      0.6164762526750565,
      0.6271900403499603,
      0.6287514531612396,
      0.626916860640049,
      0.6176412531733513,
      0.609729485809803,
      0.6065149769186974,
      0.6104530310630798,
      0.6082720792293549,
      0.6032878130674362,
      0.6027398660779,
      0.59737234801054,
      0.5967766430974006,
      0.5982523003220558,
      0.5957231709361076,
      0.5851555660367012,
      0.5792450633645058,
      0.5911357465386391,
      0.5881752717494965,
      0.583593367934227,
      0.5712383446097374,
      0.5866729667782784,
      0.5762163171172142,
      0.5601978716254234,
      0.5795038491487503,
      0.5756450662016869,
      0.5640926378965377,
      0.5703412529826164,
      0.5710539838671684,
      0.5580761840939522,
      0.5587637367844581,
      0.5670731630921364,
      0.5609579074382782,
      0.5632139426469803
    ],
    "train_acc": [
      24.8984375,
      32.1328125,
      35.25390625,
      36.89453125,
      38.84765625,
      41.55859375,
      42.97265625,
      45.05859375,
      46.48828125,
      47.24609375,
      48.87109375,
      51.39453125,
      52.18359375,
      53.453125,
      55.39453125,
      56.1015625,
      57.8828125,
      58.17578125,
      58.9453125,
      60.01953125,
      60.8984375,
      61.6015625,
      62.78125,
      63.0625,
      63.390625,
      64.29296875,
      65.31640625,
      65.90234375,
      66.08203125,
      66.5703125,
      66.33984375,
      67.65234375,
      67.91796875,
      67.84375,
      68.46875,
      68.6640625,
      69.546875,
      69.82421875,
      70.12890625,
      70.66796875,
      70.62890625,
      71.046875,
      71.08203125,
      71.88671875,
      71.890625,
      71.25390625,
      71.92578125,
      72.890625,
      72.21484375,
      73.29296875,
      73.1328125,
      73.12109375,
      73.24609375,
      73.8359375,
      73.66796875,
      74.5859375,
      73.93359375,
      74.75,
      74.61328125,
      75.25,
      74.97265625,
      75.109375,
      75.58984375,
      75.47265625,
      75.3125,
      75.55078125,
      76.0703125,
      76.03125,
      76.3046875,
      76.4921875,
      76.62109375,
      76.671875,
      76.77734375,
      77.09765625,
      76.94921875,
      77.6640625,
      77.296875,
      76.89453125,
      77.4375,
      77.234375,
      77.9453125,
      77.296875,
      77.78125,
      77.5859375,
      77.76171875,
      78.3828125,
      78.48046875,
      78.359375,
      78.1015625,
      78.078125,
      78.33984375,
      78.88671875,
      78.5859375,
      78.44921875,
      78.44140625,
      78.90625,
      79.01171875,
      79.15234375,
      79.3359375,
      78.9609375,
      79.421875,
      79.4375,
      79.890625,
      79.4765625,
      79.734375,
      79.75,
      80.23828125,
      79.62109375,
      79.8515625,
      80.76953125,
      79.86328125,
      79.88671875,
      80.59765625,
      80.38671875,
      80.0859375,
      80.28125,
      80.43359375,
      80.36328125,
      80.60546875,
      80.40234375
    ],