{
  "config": {
    "run_name": "exp2_L6_K32-64-128",
    "out_dir": "./results",
    "seed": 614131005,
    "device": null,
    "bs_train": 256,
    "bs_test": 256,
    "batches": 100,
    "epochs": 100,
    "early_stopping": 10,
    "checkpoints": null,
    "lr": 0.0003,
    "reg": 0.005,
    "filters_per_layer": [
      32,
      64,
      128
    ],
    "pool_every": 4,
    "hidden_dims": [
      4096,
      2048,
      1024
    ],
    "model_type": "yourcnn",
    "kw": {},
    "layers_per_block": 6
  },
  "results": {
    "num_epochs": 100,
    "train_loss": [
      2.17065717458725,
      1.9770174980163575,
      1.8759331095218659,
      1.799173916578293,
      1.7240922272205352,
      1.64216064453125,
      1.5897194945812225,
      1.528683489561081,
      1.4861925852298736,
      1.4484721577167512,
      1.4139602959156037,
      1.3664937722682953,
      1.3357896769046784,
      1.2946697533130647,
      1.2619165861606598,
      1.2352986860275268,
      1.2072565054893494,
      1.1804144334793092,
      1.139746761918068,
      1.1164177578687668,
      1.098284068107605,
      1.0673892199993134,
      1.0450602370500564,
      1.0247812712192534,
      1.010924381017685,
      0.9867156285047531,
      0.9694921845197677,
      0.9442910397052765,
      0.93469213783741,
      0.8971667391061783,
      0.8936438250541687,
      0.8757235723733902,
      0.8502823710441589,
      0.8285280454158783,
      0.829514137506485,
      0.8132848346233368,
      0.7966759026050567,
      0.7844610959291458,
      0.7720020294189454,
      0.7514240837097168,
      0.7349280256032944,
      0.7313898611068725,
      0.7149519979953766,
      0.6973597264289856,
      0.6905987745523453,
      0.6750576883554459,
      0.6627270579338074,
      0.6660641455650329,
      0.6368146151304245,
      0.6357343548536301,
      0.63221434623003,
      0.6093676304817199,
      0.6094540917873382,
      0.5886547607183457,
      0.5895943558216095,
      0.5740440937876702,
      0.5578970193862915,
      0.564527545273304,
      0.550005519092083,
      0.5402031689882278,
      0.5400177371501923,
      0.523261127769947,
      0.5176052251458167,
      0.5214505285024643,
      0.5002655085921287,
      0.48112172693014144,
      0.5025167283415795,
      0.4795756727457047,
      0.4813891837000847,
      0.46581272423267367,
      0.46768474489450457,
      0.45931705862283706,
      0.4450847566127777,
      0.460475310087204,
      0.44201491832733153,
      0.42229570776224135,
      0.42959328860044477,
      0.4134897065162659,
      0.4108909133076668,
      0.4041647544503212,
      0.4001146987080574,
      0.39435863971710206,
      0.39051347494125366,
      0.38860626101493834,
      0.3794406613707542,
      0.36893601462244985,
      0.37680309638381004,
      0.369617303609848,
      0.36183037251234057,
      0.3510014609992504,
      0.34814620301127436,
      0.34830542132258413,
      0.3413749150931835,
      0.338019680082798,
      0.3215256318449974,
      0.32652232229709627,
      0.3223687534034252,
      0.315472434014082,
      0.32529027536511423,
      0.30950604915618896
    ],
    "train_acc": [
      16.34375,
      23.34765625,
      27.5703125,
      30.98828125,
      35.2421875,
      38.99609375,
      40.89453125,
      43.70703125,
      45.12109375,
      46.84375,
      48.7265625,
      50.2578125,
      51.30078125,
      52.734375,
      54.38671875,
      55.05859375,
      56.3984375,
      57.47265625,
      59.05859375,
      59.953125,
      60.69140625,
      61.734375,
      62.984375,
      63.74609375,
      64.546875,
      65.28125,
      66.00390625,
      66.6171875,
      67.18359375,
      68.09375,
      68.67578125,
      69.40234375,
      70.16015625,
      70.9296875,
      70.94140625,
      71.57421875,
      72.2734375,
      72.6953125,
      73.2890625,
      73.84375,
      74.453125,
      74.3046875,
      75.3515625,
      76.00390625,
      76.28125,
      76.7109375,
      77.25390625,
      77.0,
      78.3046875,
      78.02734375,
      77.97265625,
      78.8984375,
      78.890625,
      79.63671875,
      79.55859375,
      80.265625,
      80.76171875,
      80.69140625,
      80.9609375,
      81.43359375,
      81.46875,
      82.0859375,
      82.33984375,
      81.9140625,
      82.6875,
      83.48046875,
      82.5234375,
      83.56640625,
      83.55859375,
      83.98828125,
      83.9609375,
      84.40234375,
      84.89453125,
      84.34765625,
      84.89453125,
      85.66015625,
      85.28125,
      85.8671875,
      85.8125,
      86.36328125,
      86.328125,
      86.43359375,
      86.51171875,
      86.9453125,
      87.01171875,
      87.390625,
      87.0625,
      87.5,
      87.48828125,
      87.921875,
      88.1328125,
      88.14453125,
      88.16796875,
      88.44140625,
      88.80859375,
      89.0546875,
      89.06640625,
      89.359375,
      88.890625,
      89.35546875
    ],
    "test_loss": [
      2.3452326238155363,
      2.05979380607605,
      1.9540074080228806,
      1.8906954944133758,
      1.6337191969156266,
      1.6554547041654586,
      1.5462535858154296,
      1.4676947802305222,
      1.4536235570907592,
      1.383541777729988,
      1.3259364038705825,
      1.2895101755857468,
      1.273786798119545,
      1.2261858135461807,
      1.2550107538700104,
      1.230699098110199,
      1.1928027898073197,
      1.1606977105140686,
      1.1584320813417435,
      1.1454242885112762,
      1.1451982319355012,
      1.0627721562981605,
      1.0589993834495544,
      1.0201698631048202,
      1.0516786396503448,
      1.0403802633285522,
      1.0287436917424202,
      1.023610532283783,
      0.9617906540632248,
      0.9516732096672058,
      0.9507732331752777,
      0.9283498540520668,
      0.9148744434118271,
      0.9370950937271119,
      0.8865798935294151,
      0.8897821858525277,
      0.8929530039429665,
      0.8835963845252991,
      0.8798996239900589,
      0.9013154998421669,
      0.8852747723460197,
      0.8950971186161041,
      0.8397919878363609,
      0.8495935335755348,
      0.8484090149402619,
      0.9755331203341484,
      0.9188353881239891,
      0.8481763243675232,
      0.8637927055358887,
      0.8074269905686379,
      0.8253087162971496,
      0.8332250893115998,
      0.8265467792749405,
      0.8028877422213554,
      0.7882594138383865,
      0.8013193547725678,
      0.8084318995475769,
      0.8263296663761139,
      0.8058122590184211,
      0.7975011721253396,
      0.8239692330360413,
      0.8234442830085754,
      0.8018639117479325,
      0.8121241882443428,
      0.8416908338665963,
      0.8752568811178207,
      0.8067066460847855,
      0.7884600386023521,
      0.9038502916693687,
      0.797978238761425,
      0.85333531498909,
      0.8683581233024598,
      0.9129638254642487,
      0.846986423432827,
      0.811850269138813,
      0.8415408059954643,
      0.850040265917778,
      0.8052444621920586,
      0.8410311341285706,
      0.9001240447163582,
      0.9211334362626076,
      0.8168899953365326,
      0.8592498391866684,
      0.8375339865684509,
      0.8426369950175285,
      0.8847012460231781,
      0.9410463020205497,
      0.8494876831769943,
      0.8545504450798035,
      0.8886195018887519,
      0.8466390311717987,
      0.8456189572811127,
      0.8642154231667518,
      0.8722621724009514,
      0.9025207191705704,
      0.9368794545531273,
      0.8755141928792,
      0.9021038383245468,
      0.9071514531970024,
      0.9611414909362793
    ],