{
  "config": {
    "run_name": "exp2_L3_K32-64-128",
    "out_dir": "./results",
    "seed": 869728037,
    "device": null,
    "bs_train": 256,
    "bs_test": 256,
    "batches": 100,
    "epochs": 250,
    "early_stopping": 10,
    "checkpoints": null,
    "lr": 0.0004,
    "reg": 0.002,
    "filters_per_layer": [
      32,
      64,
      128
    ],
    "pool_every": 3,
    "hidden_dims": [
      2048,
      2048,
      1024
    ],
    "model_type": "yourcnn",
    "kw": {},
    "layers_per_block": 3
  },
  "results": {
    "num_epochs": 169,
    "train_loss": [
      2.0937617897987364,
      1.8699281752109527,
      1.7720130741596223,
      1.71283500790596,
      1.6527007257938384,
      1.5993064439296723,
      1.5511959314346313,
      1.5035267734527589,
      1.4614524400234223,
      1.4022259843349456,
      1.3636139237880707,
      1.3084381520748138,
      1.2684487581253052,
      1.2281609749794007,
      1.1902856850624084,
      1.1434954285621644,
      1.1025716423988343,
      1.077111355662346,
      1.0496815294027328,
      1.0149627584218979,
      0.9937839531898498,
      0.9658846145868302,
      0.9365958327054977,
      0.9288692665100098,
      0.8966841208934784,
      0.8750800478458405,
      0.8648117005825042,
      0.8612754821777344,
      0.8339087384939193,
      0.8126260793209076,
      0.8030462044477463,
      0.7923731726408004,
      0.7791818726062775,
      0.7639158940315247,
      0.7501489621400833,
      0.7414093422889709,
      0.72673395216465,
      0.7224768763780594,
      0.7035775429010391,
      0.7091620963811874,
      0.6921555197238922,
      0.6862598240375519,
      0.6704086464643478,
      0.665177511870861,
      0.6603518092632293,
      0.649930773973465,
      0.6412742954492568,
      0.6359680724143982,
      0.6312455597519875,
      0.6282231056690216,
      0.6141939431428909,
      0.6105076703429222,
      0.6098891416192055,
      0.5962805134057999,
      0.5928144225478172,
      0.5920345145463943,
      0.5717175987362861,
      0.5791300424933433,
      0.5748728996515274,
      0.5679008388519287,
      0.5590389105677604,
      0.5448757067322731,
      0.5528597173094749,
      0.5383432164788247,
      0.5470683690905571,
      0.5307736188173294,
      0.5308437052369118,
      0.5143482452630996,
      0.5212779530882835,
      0.5159999516606331,
      0.5183285659551621,
      0.5034015321731568,
      0.5011961928009987,
      0.5043785429000854,
      0.5000300934910774,
      0.4899073526263237,
      0.4954244065284729,
      0.4854829666018486,
      0.4784085646271706,
      0.48448072105646134,
      0.48748870074748996,
      0.47834653258323667,
      0.4766963237524033,
      0.46729259014129637,
      0.4693339344859123,
      0.48265726745128634,
      0.4592573070526123,
      0.4598096442222595,
      0.45896524757146834,
      0.4562808510661125,
      0.4490860739350319,
      0.4369754844903946,
      0.4483573180437088,
      0.4496937817335129,
      0.4432104229927063,
      0.4349304634332657,
      0.4383689001202583,
      0.4343516153097153,
      0.43788923233747484,
      0.4332058998942375,
      0.4407829558849335,
      0.42735713988542556,
      0.428276923596859,
      0.43370183408260343,
      0.4146888253092766,
      0.4111662459373474,
      0.42248155146837235,
      0.4225020071864128,
      0.41846601068973543,
      0.4150423762202263,
      0.41410997927188875,
      0.40870973944664,
      0.4105463764071465,
      0.4083757334947586,
      0.41371006816625594,
      0.4000967076420784,
      0.410772068798542,
      0.4154761520028114,
      0.4034009802341461,
      0.4014883804321289,
      0.4139278148114681,
      0.3956620064377785,
      0.39894800454378126,
      0.40378098279237745,
      0.3938253962993622,
      0.4025230765342712,
      0.4034947660565376,
      0.3950445485115051,
      0.395963271856308,
      0.397194621860981,
      0.39245105147361753,
      0.3880593079328537,
      0.38819302707910536,
      0.3872309684753418,
      0.38063366562128065,
      0.3743113261461258,
      0.384419586956501,
      0.38377698212862016,
      0.378758864402771,
      0.37459993839263916,
      0.38235525816679,
      0.3826595690846443,
      0.3721228848397732,
      0.37797994673252105,
      0.3781046086549759,
      0.375423064827919,
      0.3794795063138008,
      0.36979651167988775,
      0.3798395401239395,
      0.3644563266634941,
      0.37011367321014405,
      0.3659335379302502,
      0.36922106593847276,
      0.37334121942520143,
      0.36844865560531614,
      0.37417236030101775,
      0.36345587760210035,
      0.3667138999700546,
      0.3543635019659996,
      0.3700761339068413,
      0.3697913661599159,
      0.3790858200192451,
      0.37670020908117297,
      0.3701070660352707,
      0.3623859332501888,
      0.36942763805389406,
      0.3640708002448082,
      0.3755116641521454,
      0.35764323845505713
    ],