{
  "config": {
    "run_name": "exp2",
    "out_dir": "./results",
    "seed": 74937985,
    "device": null,
    "bs_train": 256,
    "bs_test": 256,
    "batches": 100,
    "epochs": 100,
    "early_stopping": 5,
    "checkpoints": null,
    "lr": 0.001,
    "reg": 0.001,
    "filters_per_layer": [
      32,
      64,
      128
    ],
    "pool_every": 7,
    "hidden_dims": [
      2048,
      1024
    ],
    "model_type": "yourcnn",
    "kw": {},
    "layers_per_block": 3
  },
  "results": {
    "num_epochs": 82,
    "train_loss": [
      2.477194290161133,
      1.9271240711212159,
      1.74011186003685,
      1.6387657034397125,
      1.576428427696228,
      1.5061867237091064,
      1.4660384047031403,
      1.4240806269645692,
      1.390867705345154,
      1.3528651416301727,
      1.3332192063331605,
      1.3045454561710357,
      1.2762693572044372,
      1.250418199300766,
      1.230223287343979,
      1.207676923274994,
      1.1894930589199066,
      1.163561725616455,
      1.1415440398454666,
      1.1277037835121155,
      1.108384332060814,
      1.0790612107515336,
      1.058304044008255,
      1.0275884222984315,
      0.9977577263116837,
      0.9706023097038269,
      0.9481186956167221,
      0.9193795090913772,
      0.8911369258165359,
      0.856671621799469,
      0.8430795186758041,
      0.8086523365974426,
      0.7775699144601822,
      0.75279960334301,
      0.723796597123146,
      0.6880873394012451,
      0.6767293083667755,
      0.640788791179657,
      0.6107527151703834,
      0.5896804016828537,
      0.5598997408151627,
      0.532057763338089,
      0.513693864941597,
      0.48226957738399506,
      0.46608492463827134,
      0.4386770287156105,
      0.41648931577801707,
      0.39413842022418977,
      0.38303013116121293,
      0.3594330283999443,
      0.3534035786986351,
      0.32621642768383025,
      0.3279016959667206,
      0.3116644041240215,
      0.29875009521842005,
      0.2765152618288994,
      0.2854542988538742,
      0.2683454057574272,
      0.26873111993074417,
      0.2544369983673096,
      0.23728258833289145,
      0.23382071286439896,
      0.23145650267601015,
      0.21458431959152222,
      0.22758497089147567,
      0.22171825006604196,
      0.20620326079428197,
      0.20237031422555446,
      0.2164587126672268,
      0.19699242308735848,
      0.19423748962581158,
      0.1864322678744793,
      0.18825785890221597,
      0.18668965965509415,
      0.1890782631933689,
      0.17665235817432404,
      0.1675049739331007,
      0.1740429139882326,
      0.18417353861033917,
      0.1755674723535776,
      0.17711702466011048,
      0.16680130414664746
    ],
    "train_acc": [
      13.98046875,
      29.19140625,
      36.32421875,
      40.5234375,
      42.87109375,
      45.1640625,
      46.73046875,
      48.26953125,
      49.6015625,
      50.85546875,
      51.65234375,
      52.46875,
      53.7578125,
      54.73828125,
      55.05859375,
      56.43359375,
      56.875,
      57.9609375,
      58.5546875,
      59.26171875,
      60.125,
      61.47265625,
      61.65625,
      63.13671875,
      63.921875,
      65.53125,
      66.03515625,
      66.9609375,
      68.078125,
      69.5078125,
      70.19140625,
      71.41015625,
      72.39453125,
      73.1015625,
      74.54296875,
      75.96875,
      75.9296875,
      77.62890625,
      78.6171875,
      79.12890625,
      80.49609375,
      81.47265625,
      82.20703125,
      83.171875,
      83.65625,
      84.71875,
      85.69921875,
      86.328125,
      86.9609375,
      87.6875,
      87.55078125,
      88.81640625,
      88.56640625,
      89.36328125,
      89.69140625,
      90.28515625,
      90.13671875,
      90.98828125,
      90.54296875,
      91.45703125,
      91.875,
      91.90234375,
      92.15625,
      92.80078125,
      91.98828125,
      92.48828125,
      92.953125,
      93.11328125,
      92.60546875,
      93.37109375,
      93.30078125,
      93.640625,
      93.55859375,
      93.6484375,
      93.48046875,
      93.81640625,
      94.4921875,
      94.0234375,
      93.74609375,
      94.04296875,
      94.0234375,
      94.4375
    ],
    "test_loss": [
      2.080848389863968,
      1.784813791513443,
      1.6652397036552429,
      1.6546413451433182,
      1.5266062319278717,
      1.4842774331569673,
      1.5912571966648101,
      1.4091510623693466,
      1.4274421811103821,
      1.3696161925792694,
      1.3601035445928573,
      1.3490951240062714,
      1.348395797610283,
      1.3331045120954514,
      1.3391877502202987,
      1.3040945291519166,
      1.3042950332164764,
      1.309124055504799,
      1.2636378109455109,
      1.290140849351883,
      1.270034745335579,
      1.2670373767614365,
      1.2631251037120819,
      1.27305406332016,
      1.2564309537410736,
      1.2328174412250519,
      1.2503358274698257,
      1.2549175411462783,
      1.2476185411214828,
      1.2263028651475907,
      1.2560970693826676,
      1.3024537563323975,
      1.232070454955101,
      1.2732201933860778,
      1.3360406428575515,
      1.3191580086946488,
      1.3132187843322753,
      1.3600491791963578,
      1.367837655544281,
      1.4327939331531525,
      1.4549489140510559,
      1.4416830599308015,
      1.4479461848735808,
      1.4362839996814727,
      1.4952539116144181,
      1.5768414378166198,
      1.5696308970451356,
      1.5973824590444565,
      1.6406170040369035,
      1.6376275599002839,
      1.6830405235290526,
      1.7911632061004639,
      1.7464973658323288,
      1.7881430774927138,
      1.8034471273422241,
      1.8698349237442016,
      1.8198387920856476,
      1.858674743771553,
      1.9341969668865204,
      1.8652635395526886,
      1.9510202825069427,
      1.9895183950662614,
      2.095158189535141,
      2.110600879788399,
      1.9845175266265869,
      2.0099358171224595,
      2.054926982522011,
      2.166229769587517,
      2.04969442486763,
      2.068843924999237,
      2.1228163719177244,
      2.158559539914131,
      2.131500485539436,
      2.13353645503521,
      2.1388574093580246,
      2.1316540628671645,
      2.1761151045560836,
      2.106574162840843,
      2.2129281163215637,
      2.1955795288085938,
      2.2427794337272644,
      2.181082645058632
    ],
    "test_acc": [
      22.54,
      34.83,
      39.57,
      40.44,
      45.92,
      46.32,
      42.41,
      48.8,
      48.32,
      50.24,
      50.41,
      51.38,
      50.92,
      50.88,
      51.94,
      52.59,
      53.02,
      52.78,
      54.68,
      53.57,
      54.08,
      54.41,
      54.99,
      54.04,
      55.78,
      56.39,
      55.75,
      56.15,
      56.97,
      57.06,
      55.91,
      56.11,
      57.26,
      57.37,
      55.4,
      56.76,
      57.6,
      56.9,
      57.95,
      55.18,
      56.56,
      57.03,
      56.19,
      57.31,
      57.2,
      57.18,
      57.05,
      56.34,
      56.25,
      56.53,
      56.68,
      56.46,
      55.34,
      56.03,
      56.02,
      56.02,
      55.57,
      55.86,
      55.02,
      55.42,
      55.84,
      55.3,
      54.4,
      55.46,
      55.62,
      55.19,
      54.91,
      54.51,
      53.63,
      55.37,
      55.76,
      55.61,
      54.72,
      55.37,
      55.5,
      54.85,
      55.02,
      54.66,
      53.61,
      55.17,
      54.9,
      55.14
    ]
  }
}